Site;Culture;Region;name_macroreg;Chronology;Type;Geo;weight;From Century;To Century;x;y;Common Wheat;Emmer;Einkorn;Oats;Barley;Rye;Proso millet;Foxtail millet;Sorghum;Unsp. cereals;Lentil;Pea;Faba bean;Vetch;Unsp. Vicia;Blue/Red Pea;Chickpea;Unsp. Pulses;Walnut;Hazelnut;Chestnut;Apple;Fig;Grape;Melon;Peach;Pear;Plum;Olive;Flax;Sour Cherry;Corn. Cherry;Sorbus sp.;Wild Cherry;Unsp. Prunus;Elderberry;Blackthorn;Blackberry;Strawberry;Date
Desenzano, loc. Faustinella;Late Roman;Lombardia;Northern Italy;LR;Rural;Plain;0.5000;5;6;10.538694;45.4694851;1;2;7;8;1;1;6;11;;103;1;;;;;;;;60;;;;;263;;;;;;;;2;;;;;;;;
Desenzano, loc. Faustinella;Late Roman;Lombardia;Northern Italy;EMA;Rural;Plain;0.5000;5;6;10.538694;45.4694851;1;2;7;8;1;1;6;11;;103;1;;;;;;;;60;;;;;263;;;;;;;;2;;;;;;;;
Trezzo sull'Adda, Cascina S. Martino, 3rd-6th c.;Late Roman;Lombardia;Northern Italy;LR;Urban;Plain;0.2500;3;6;9.508719072826871;45.43117278804427;1;;;1;2;2;2;2;;1;;;1;2;;2;;;22;1;;;499;3583;;;;;;;576;1;;;297;2;;37;1;
Trezzo sull'Adda, Cascina S. Martino, 3rd-6th c.;Late Roman;Lombardia;Northern Italy;EMA;Urban;Plain;0.2500;3;6;9.508719072826871;45.43117278804427;1;;;1;2;2;2;2;;1;;;1;2;;2;;;22;1;;;499;3583;;;;;;;576;1;;;297;2;;37;1;
Monte Barro;Goth;Lombardia;Northern Italy;LR;Castrum;Mountain;0.5000;5;6;9.369320317683991;45.83092616011957;2017;;1;6;90;76;;5;;;3;;2;32;148;;;;73;18;510;;;16;;11;;;;10000;1;;;;;;;;;
Monte Barro;Goth;Lombardia;Northern Italy;EMA;Castrum;Mountain;0.5000;5;6;9.369320317683991;45.83092616011957;2017;;1;6;90;76;;5;;;3;;2;32;148;;;;73;18;510;;;16;;11;;;;10000;1;;;;;;;;;
Loppio, Isola S. Andrea;Lombard;Trentino-Alto Adige/Südtirol;Northern Italy;LR;Castrum;Mountain;0.5000;5;6;10.916720914052336;45.866429428008345;1;;2;3;25;5;136;98;1;103;16;4;2;9;1;14;;3;3;;;;;1;;;;;;;;;;;;;;;;
Loppio, Isola S. Andrea;Lombard;Trentino-Alto Adige/Südtirol;Northern Italy;EMA;Castrum;Mountain;0.5000;5;6;10.916720914052336;45.866429428008345;1;;2;3;25;5;136;98;1;103;16;4;2;9;1;14;;3;3;;;;;1;;;;;;;;;;;;;;;;
Lomello, villa Maria;Early Medieval;Lombardia;Northern Italy;LR;Rural;Plain;0.5000;5;6;8.797278548240513;45.1221589340304;9;;1;1;18;64;1;;;;;;;;;;;;;;;;;;;;;;;;;;;;;;;;;
Lomello, villa Maria;Early Medieval;Lombardia;Northern Italy;EMA;Rural;Plain;0.5000;5;6;8.797278548240513;45.1221589340304;9;;1;1;18;64;1;;;;;;;;;;;;;;;;;;;;;;;;;;;;;;;;;
Domagnano;Goth;San Marino;Northern Italy;LR;Rural;Mountain;0.5000;5;6;12.468926451003016;43.947901691490465;1;;;;3;;;;;2;;;;;;;;;2;;;2;206;1595;;;1;1;250;;;;;;;;;;3;
Domagnano;Goth;San Marino;Northern Italy;EMA;Rural;Mountain;0.5000;5;6;12.468926451003016;43.947901691490465;1;;;;3;;;;;2;;;;;;;;;2;;;2;206;1595;;;1;1;250;;;;;;;;;;3;
Parma, Piazza Garibaldi/via Cavestro;Medieval;Emilia-Romagna;Northern Italy;EMA;Urban;Plain;0.5000;10;11;10.326509377765523;44.80082986532667;218;40;115;;39;54;37;;;9;;3;20;;;;;;13;5;;236;8978;26495;87;136;12;210;;;114;9;338;1107;;4;201;724;519;
Parma, Piazza Garibaldi/via Cavestro;Medieval;Emilia-Romagna;Northern Italy;Ma;Urban;Plain;0.5000;10;11;10.326509377765523;44.80082986532667;218;40;115;;39;54;37;;;9;;3;20;;;;;;13;5;;236;8978;26495;87;136;12;210;;;114;9;338;1107;;4;201;724;519;
Ventimiglia, battistero della Cattedrale;Early Medieval;Liguria;Northern Italy;EMA;Urban;Coast;0.5000;6;7;7.6025654227118995;43.791320932545275;879;102;3;;30;;1;103;;242;15;;;11;3;5;;;;;;;;9;;;;;;;;;;;;;;;;
S. Antonino di Perti;Byzantine;Liguria;Northern Italy;EMA;Castrum;Mountain;0.5000;6;7;8.32153258912255;44.19479733303203;;;;;2;;1;;;;;;;;;;;;;1;;;;2;;2;;1;;;;3;;;;;;;;
Luni, 8th c.;Early Medieval;Liguria;Northern Italy;EMA;Urban;Coast;1.0000;8;8;10.016095356375178;44.06450201566349;66;;1;;1;;1;;;;;;2;;1;;;;1;;;;;7;;;;;1;;;;;;1;;;;;
Classe, 8th c.;Early Medieval;Emilia-Romagna;Northern Italy;EMA;Rural;Coast;1.0000;8;8;12.21703592761964;44.39775375736627;15;13;;1;932;;;;;11;500;;1;;3;14;80;;;;;;1;1;;;;;;;;;;;;;;;;
Classe, 8th-10th c.;Early Medieval;Emilia-Romagna;Northern Italy;EMA;Rural;Coast;0.3333;8;10;12.21703592761964;44.39775375736627;39;6;;;91;;104;;;9;43;;3;;1;3;3;;;;;;;;;;;;;;;;;;;;;;;
Nogara, Mulino di Sotto;Medieval;Veneto;Northern Italy;EMA;Rural;Plain;0.3333;9;11;11.057640162306127;45.17845974019079;69;8;28;;12;34;21;7;24;107;9;1;9;9;;4;;;21;11;1;7;;1453;;16;;6;;;;1;1;;17;3;11;19;;
Nogara, Mulino di Sotto;Medieval;Veneto;Northern Italy;Ma;Rural;Plain;0.3333;9;11;11.057640162306127;45.17845974019079;69;8;28;;12;34;21;7;24;107;9;1;9;9;;4;;;21;11;1;7;;1453;;16;;6;;;;1;1;;17;3;11;19;;
Finalborgo;Medieval;Liguria;Northern Italy;EMA;Urban;Coast;0.5000;10;11;8.329968465525209;44.175902068140466;1;;;1;;;;;;;;;;;;;;;1;1;;;170;19;;;;2;;;;;;;;23;;1;;
Finalborgo;Medieval;Liguria;Northern Italy;Ma;Urban;Coast;0.5000;10;11;8.329968465525209;44.175902068140466;1;;;1;;;;;;;;;;;;;;;1;1;;;170;19;;;;2;;;;;;;;23;;1;;
Sarzana, Pieve di S. Andrea;Medieval;Liguria;Northern Italy;Ma;Religious;Plain;1.0000;11;11;9.960947973721732;44.1132811531059;;;;;5;;;;3;;;;5;;;;;;;;;;;;;;;;;;;;;;;;;;;
Teglio, municipio;Late Roman;Lombardia;Northern Italy;LR;Urban;Mountain;0.5000;3;4;10.066866872153222;46.17240998456696;37;8;;;2;;;;;43;;;;;;;;;;;;;;;;;;;;;;;;;;;;;;
Teglio, via Roma;Early Medieval;Lombardia;Northern Italy;LR;Urban;Mountain;0.5000;5;6;10.070032275277624;46.17100687400183;;22;;;3;;;6;;4;;;;;;;;;;;;;;;;;;;;;;;;;;;;;;
Teglio, via Roma;Early Medieval;Lombardia;Northern Italy;EMA;Urban;Mountain;0.5000;5;6;10.070032275277624;46.17100687400183;;22;;;3;;;6;;4;;;;;;;;;;;;;;;;;;;;;;;;;;;;;;
Cislago;Late Roman;Lombardia;Northern Italy;LR;Rural site, villa;Plain;0.5000;4;5;8.974157624911557;45.660400959244946;8612;;;;;2556;;51;;16;14;13;177;2;;;;;;;16;;;2;;;;;;;;;;;;;;;;
Aquileia, insule quartieri nord;Early Medieval;Friuli-Venezia Giulia;Northern Italy;LR;Urban;Coast;0.5000;5;6;13.3632280102961;45.76843522391114;1;;;;;;;1;;5;;1;5;;;;;;;;;;;;;;;;;;;;;;;;;;;
Aquileia, insule quartieri nord;Early Medieval;Friuli-Venezia Giulia;Northern Italy;EMA;Urban;Coast;0.5000;5;6;13.3632280102961;45.76843522391114;1;;;;;;;1;;5;;1;5;;;;;;;;;;;;;;;;;;;;;;;;;;;
Campi di Riva del Garda, Monte S. Martino;Early Medieval;Trentino-Alto Adige/Südtirol;Northern Italy;LR;Urban;Mountain;0.3333;4;6;10.821289190934788;45.917374128067024;2;3;;1;3;;;;;15;;;;;;;;;;;;;;;;;;;;;;;;;;;;;;
Campi di Riva del Garda, Monte S. Martino;Early Medieval;Trentino-Alto Adige/Südtirol;Northern Italy;EMA;Urban;Mountain;0.3333;4;6;10.821289190934788;45.917374128067024;2;3;;1;3;;;;;15;;;;;;;;;;;;;;;;;;;;;;;;;;;;;;
Sirmione, via Antiche Mura;Early Medieval;Lombardia;Northern Italy;LR;Rural site, villa;Plain;0.5000;5;6;10.607602299147022;45.49350727456822;13;;;;;;90000;255600;62;;;;;;;;;;;;;;;;;;;;;;;;;;;;;;;
Sirmione, via Antiche Mura;Early Medieval;Lombardia;Northern Italy;EMA;Rural site, villa;Plain;0.5000;5;6;10.607602299147022;45.49350727456822;13;;;;;;90000;255600;62;;;;;;;;;;;;;;;;;;;;;;;;;;;;;;;
Modena, via Nonantolana;Early Medieval;Emilia-Romagna;Northern Italy;LR;Rural;Plain;0.5000;5;6;10.960618877376247;44.65912805035021;8;;;82;;;50;;;18;;;;3;;13;;;;;;;;;;;;;;;;;;;;;;;;
Modena, via Nonantolana;Early Medieval;Emilia-Romagna;Northern Italy;EMA;Rural;Plain;0.5000;5;6;10.960618877376247;44.65912805035021;8;;;82;;;50;;;18;;;;3;;13;;;;;;;;;;;;;;;;;;;;;;;;
Vada Sabatia, layer V;Roman;Liguria;Northern Italy;R;Rural site, villa;Coast;0.5000;1;2;8.433361957253506;44.264927584208856;;;;1;;;;;;;;;;;;;;;8;1;2;2;107;9;;1;;1;5;6;;;;;2;;;;;
Vada Sabatia, layers III-IV;Roman;Liguria;Northern Italy;R;Rural site, villa;Coast;0.5000;2;3;8.433361957253506;44.264927584208856;;;;;2;1;1;;;;1;;;;1;;;;3;2;2;;99;7;;2;;;3;3;1;;;;3;4;;;;
Vada Sabatia, layer II;Late Roman;Liguria;Northern Italy;LR;Rural site, villa;Coast;1.0000;3;3;8.433361957253506;44.264927584208856;1;1;;;1;1;;;;;;;1;;6;;;;12;1;8;1;748;3;;1;;2;2;20;1;;;1;5;188;;;;
Vada Sabatia, layer I;Late Roman;Liguria;Northern Italy;LR;Rural site, villa;Coast;0.5000;3;4;8.433361957253506;44.264927584208856;3;5;;;;;;;;;;;;;;;;;22;1;90;;460;37;;4;5;;4;8;16;;;;20;85;;;3;
Finale ligure, Pieve del Finale;Roman;Liguria;Northern Italy;R;Rural;Coast;1.0000;1;1;8.330560129332445;44.17330298343464;;1;;;;;;;;;;;513;;;;;;12;1;;;;;;;;;;;;;;;;;;;;
Augusta Bagiennorum, 1st c.;Roman;Piemonte;Northern Italy;R;Urban;Plain;1.0000;1;1;7.854607320406077;44.55936193040618;;1;;;;;;;;8;;;;;;;;;1;2;;;;;;;;;;;;;;;;;;;;
Augusta Bagiennorum, 2nd-3rd c.;Roman;Piemonte;Northern Italy;R;Urban;Plain;0.5000;2;3;7.854607320406077;44.55936193040618;;;1;;;;;;;8;;;;;1;;;;;3;;;;;;;;;;;;;;;;;;;;
Augusta Bagiennorum, 2nd-3rd c.;Roman;Piemonte;Northern Italy;LR;Urban;Plain;0.5000;2;3;7.854607320406077;44.55936193040618;;;1;;;;;;;8;;;;;1;;;;;3;;;;;;;;;;;;;;;;;;;;
Mezzocorona, loc. Drei Canè;Roman;Trentino-Alto Adige/Südtirol;Northern Italy;R;Rural;Mountain;0.1429;-1;5;11.120527702600489;46.203081828249424;61;22;4;;53;;27;3;;62;8;;3;8;11;1;;;10;2;;;;144;;3;;;;;;;;;;1;;1;;
Mezzocorona, loc. Drei Canè;Roman;Trentino-Alto Adige/Südtirol;Northern Italy;LR;Rural;Mountain;0.1429;-1;5;11.120527702600489;46.203081828249424;61;22;4;;53;;27;3;;62;8;;3;8;11;1;;;10;2;;;;144;;3;;;;;;;;;;1;;1;;
Bergamo, Palazzo del Podestà;Roman;Lombardia;Northern Italy;R;Urban;Hilltop;0.3333;-1;1;9.662534463874083;45.704116703419245;61;;5;4;15;6;;2086;;26;;;49;;173;;;;58;;1;;;;;;;;;;;;;;;;;;;
Ventimiglia, sito di Albintimilium;Roman;Liguria;Northern Italy;R;Urban;Coast;0.5000;2;3;7.625077832623806;43.78922984798364;;;;;;;;;;;;;1;;;;;;;;;;;12;;;;;;;;;;;;;;;;
Ventimiglia, sito di Albintimilium;Roman;Liguria;Northern Italy;LR;Urban;Coast;0.5000;2;3;7.625077832623806;43.78922984798364;;;;;;;;;;;;;1;;;;;;;;;;;12;;;;;;;;;;;;;;;;
Aquileia, ex essiccatoio nord, 1st c. BCE - 1st c. CE;Roman;Friuli-Venezia Giulia;Northern Italy;R;Urban;Coast;0.3333;-1;1;13.364957834639437;45.77542746143208;7;103;94;1;1;;5;;;289;;;;;1;;;22;28;20;;;383;14;;;;;2;1;;;;;8;;;8;4;
Padova, Borgomagno;Roman;Veneto;Northern Italy;R;Necropolis;Plain;0.2000;-1;3;11.877752898477562;45.41816769710538;;;;;;;;49;;;;;10;;;;;22;1;;;;60;19;;;;;;;;;;;;;;;;
Padova, Borgomagno;Roman;Veneto;Northern Italy;LR;Necropolis;Plain;0.2000;-1;3;11.877752898477562;45.41816769710538;;;;;;;;49;;;;;10;;;;;22;1;;;;60;19;;;;;;;;;;;;;;;;
Padova, Banca Etica;Roman;Veneto;Northern Italy;R;Necropolis;Plain;0.2000;-1;3;11.879478683413282;45.41677742958558;;;;;;;;1;;;;;;;;;;;;;;;21;1;;2;;12;15;;;;;;;;;;;
Padova, Banca Etica;Roman;Veneto;Northern Italy;LR;Necropolis;Plain;0.2000;-1;3;11.879478683413282;45.41677742958558;;;;;;;;1;;;;;;;;;;;;;;;21;1;;2;;12;15;;;;;;;;;;;
Verona, Porta Palio e Spianà;Roman;Veneto;Northern Italy;R;Necropolis;Plain;0.2000;-1;3;10.979868712960371;45.43571710297538;16;;;;;;1;4;;50;;;;2;;;;39;;;;;7;9;;;;;;;;;;;1;;;;;
Verona, Porta Palio e Spianà;Roman;Veneto;Northern Italy;LR;Necropolis;Plain;0.2000;-1;3;10.979868712960371;45.43571710297538;16;;;;;;1;4;;50;;;;2;;;;39;;;;;7;9;;;;;;;;;;;1;;;;;
Nave;Roman;Lombardia;Northern Italy;R;Necropolis;Mountain;0.2000;-1;3;10.286680846651896;45.585002902041424;22;;;;15;;;;;42;5;;36;;1;;;39;1;19;;1;3;5;;;1;1;12;;;;;;;;;;;
Nave;Roman;Lombardia;Northern Italy;LR;Necropolis;Mountain;0.2000;-1;3;10.286680846651896;45.585002902041424;22;;;;15;;;;;42;5;;36;;1;;;39;1;19;;1;3;5;;;1;1;12;;;;;;;;;;;
Manerbio, Cascina Trebeschi;Roman;Lombardia;Northern Italy;R;Necropolis;Plain;0.2000;-1;3;10.127552867925699;45.3455980250891;;;;;1;;;5;;46;;2;;;;;;2;56;9;;;;10;;2;;1;;;;;;;1;;;;1;
Manerbio, Cascina Trebeschi;Roman;Lombardia;Northern Italy;LR;Necropolis;Plain;0.2000;-1;3;10.127552867925699;45.3455980250891;;;;;1;;;5;;46;;2;;;;;;2;56;9;;;;10;;2;;1;;;;;;;1;;;;1;
Bergamo, via degli Orti;Roman;Lombardia;Northern Italy;R;Necropolis;Hill;0.2000;-1;3;9.654994889936845;45.70648740560144;;;;;;;;;;;;;;;;;;1;2;5;;;;2;;;;;1;;;;;;1;;;;;
Bergamo, via degli Orti;Roman;Lombardia;Northern Italy;LR;Necropolis;Hill;0.2000;-1;3;9.654994889936845;45.70648740560144;;;;;;;;;;;;;;;;;;1;2;5;;;;2;;;;;1;;;;;;1;;;;;
Mariano Comense, via T. Grossi;Roman;Lombardia;Northern Italy;R;Necropolis;Plain;0.2000;-1;3;9.172840892472001;45.70331870545088;;;1;;;;;1;;1;;;;;;;;;4;1;10;;;;;2;;;;;;;;;;;;;;
Mariano Comense, via T. Grossi;Roman;Lombardia;Northern Italy;LR;Necropolis;Plain;0.2000;-1;3;9.172840892472001;45.70331870545088;;;1;;;;;1;;1;;;;;;;;;4;1;10;;;;;2;;;;;;;;;;;;;;
Como, via Benzi;Roman;Lombardia;Northern Italy;R;Necropolis;Plain;0.2000;-1;3;9.079774205511432;45.80672803586052;;;;;1;;;;;;;;2;;;;;;8;1;;;9;15;;1;;;1;;;;;;;;;;;
Cerrione;Roman;Lombardia;Northern Italy;LR;Necropolis;Plain;0.2000;-1;3;8.045738104842322;45.578320899715465;2;;1;;;1;4;2;;8;5;;58;1;;;;117;113;579;140;6;76;279;1;3;12;3;;;;4;;;;;;;;
Albenga, via Pontelungo;Roman;Liguria;Northern Italy;R;Necropolis;Coast;0.2000;-1;3;8.21321587814639;44.053293753072694;1;6;;;1;;;;;12;;;;;;;;1;1;653;;;225;21;;;;;;;;;;;;;;;;
Albenga, via Pontelungo;Roman;Liguria;Northern Italy;LR;Necropolis;Coast;0.2000;-1;3;8.21321587814639;44.053293753072694;1;6;;;1;;;;;12;;;;;;;;1;1;653;;;225;21;;;;;;;;;;;;;;;;
Brescia, Capitolium, Flavian age;Roman;Lombardia;Northern Italy;R;Religious;Plain;1.0000;1;1;10.226541412798476;45.54030058057592;;;;;;4;;;;14;1;;;;;;;3;2;;;;;;;;;;;;;;;;;;;;;
Brescia, Capitolium, deterioration phase;Lombard;Lombardia;Northern Italy;EMA;Urban;Plain;1.0000;7;7;10.226541412798476;45.54030058057592;146;;;;8;4;;15;;218;2;;;;;;;8;10;;;;;1;;;;;;;;;;;;;;;;
Brescia, via Alberto Mario;Goth;Lombardia;Northern Italy;LR;Urban;Plain;0.5000;5;6;10.230896521429843;45.53750757759999;3;2;750;7;;62;21000;3;;;9;;16;;;;;;;;5;;;1;;;;;;;;;;;;;;;;
Brescia, via Alberto Mario;Goth;Lombardia;Northern Italy;EMA;Urban;Plain;0.5000;5;6;10.230896521429843;45.53750757759999;3;2;750;7;;62;21000;3;;;9;;16;;;;;;;;5;;;1;;;;;;;;;;;;;;;;
Brescia, S. Giulia - Roman domus;Roman;Lombardia;Northern Italy;R;Urban;Plain;0.2000;1;5;10.228382817765326;45.54056461482653;3;;;;2;;;;;3;1;;;;;;;4;24;;;;;1;;;;;1;;;;;;;;;;;
Brescia, S. Giulia - Roman domus;Roman;Lombardia;Northern Italy;LR;Urban;Plain;0.2000;1;5;10.228382817765326;45.54056461482653;3;;;;2;;;;;3;1;;;;;;;4;24;;;;;1;;;;;1;;;;;;;;;;;
Brescia, S. Giulia - Goth occupation;Goth;Lombardia;Northern Italy;LR;Urban;Plain;0.5000;5;6;10.228382817765326;45.54056461482653;1334;5;652;17;1091;2447;368;4;269;377;514;145;1077;856;;1496;;156;105;2;;;;13;;3;;;;;;7;;2;1;;;;1;
Brescia, S. Giulia - Goth occupation;Goth;Lombardia;Northern Italy;EMA;Urban;Plain;0.5000;5;6;10.228382817765326;45.54056461482653;1334;5;652;17;1091;2447;368;4;269;377;514;145;1077;856;;1496;;156;105;2;;;;13;;3;;;;;;7;;2;1;;;;1;
Brescia, S. Giulia;Lombard;Lombardia;Northern Italy;EMA;Religious, monastery;Plain;0.5000;6;7;10.228581058805755;45.539848090918376;144;1;12;1;95;54;119;2;;74;11;;;36;;4;;9;30;9;3;;;34;;1;;;;;;1;;;1;;;;;
Brescia, Kitchen-Garden (Ortaglia) domus;Lombard;Lombardia;Northern Italy;EMA;Urban;Plain;0.5000;6;7;10.229688034111009;45.54040837440285;30;1;6;3;358;166;;1;7;29;1;6;141;12;;;;22;1;;;;;1;;1;;;;;;;;;;;;;;
Boggiovara, pozzo romano;Roman;Emilia-Romagna;Northern Italy;R;Rural;Plain;0.2500;-2;1;10.87307229891729;44.60800742093317;;;;;;;;1;;;;;;;;;;;;;;;;1;;;;;;;;;;;;;;;;
Boggiovara, necropoli;Byzantine;Emilia-Romagna;Northern Italy;EMA;Necropolis;Plain;0.5000;6;7;10.87307229891729;44.60800742093317;;;;;;;;;;1;;;;;;;;;;;;;;5;;;;;;;;;4;;;;;;;
Modena, ex Cinema Capitol, Imperial domus phase;Roman;Emilia-Romagna;Northern Italy;R;Urban;Plain;0.5000;1;2;10.928232455077998;44.64481839890194;1;1;;;2;;;;;2;;;;;;;;;1;;;;44;2;;;;;1;;;;;;;13;;;;
Modena, ex Cinema Capitol, post-domus phase;Roman;Emilia-Romagna;Northern Italy;R;Urban;Plain;0.5000;2;3;10.928232455077998;44.64481839890194;;1;1;;;;;;;;;;;;;;;;;;;;51;2;;;;;;;;;;;;1;;;;
Modena, ex Cinema Capitol, post-domus phase;Roman;Emilia-Romagna;Northern Italy;LR;Urban;Plain;0.5000;2;3;10.928232455077998;44.64481839890194;;1;1;;;;;;;;;;;;;;;;;;;;51;2;;;;;;;;;;;;1;;;;
Modena, viale Amendola, settling tank;Roman;Emilia-Romagna;Northern Italy;R;Urban;Plain;0.5000;1;2;10.907213064923846;44.63365857670945;;;;;;;;;;;;;;;;;;;2;1;;;7;30;;;1;;;;;;;1;;15;;17;;
Modena, viale Amendola, channel acqueduct fill;Roman;Emilia-Romagna;Northern Italy;R;Urban;Plain;0.5000;1;2;10.907213064923846;44.63365857670945;;;;;;;;;;;;;;;;;;;3;;;;2;11;;;;;;;;;1;;;;;1;2;
Modena, viale Amendola, woodland - alluvial deposit;Early Medieval;Emilia-Romagna;Northern Italy;LR;Rural;Plain;0.3333;4;6;10.907213064923846;44.63365857670945;;;;;;;;;;;;;;;;;;;;;;;1;10;;;;;;;;;;;;9;;79;;
Modena, viale Amendola, woodland - alluvial deposit;Early Medieval;Emilia-Romagna;Northern Italy;EMA;Rural;Plain;0.3333;4;6;10.907213064923846;44.63365857670945;;;;;;;;;;;;;;;;;;;;;;;1;10;;;;;;;;;;;;9;;79;;
Modena, ex Manifattura Tabacchi, paleosol;Roman;Emilia-Romagna;Northern Italy;R;Urban;Plain;0.5000;1;2;10.929212410981;44.652549727570914;;;;;;;;;;;;;;;;;;;;;;;;3;;;;;;;;;;;;32;;33;;
Modena, Palazzo Vaccari;Late Roman;Emilia-Romagna;Northern Italy;LR;Urban;Plain;1.0000;4;4;10.93169927893164;44.6437005360248;2;3;3;1;16;;;;;16;1;1;;1;;;;3;3;;;;;3;;;;;;;;1;;;;11;;;;
Nago-Torbole;Late Roman;Trentino-Alto Adige/Südtirol;Northern Italy;LR;Rural site, villa;Mountain;0.2500;3;6;10.886544590892989;45.874108029732234;10;1;5;4;3;31;75;4;;15;99;1;;;;;;1;;;;;;;;;;;;;;;;;;;;;;
Nago-Torbole;Late Roman;Trentino-Alto Adige/Südtirol;Northern Italy;EMA;Rural site, villa;Mountain;0.2500;3;6;10.886544590892989;45.874108029732234;10;1;5;4;3;31;75;4;;15;99;1;;;;;;1;;;;;;;;;;;;;;;;;;;;;;
Calcinate, loc. Villa Passa, Tomb 1;Roman;Lombardia;Northern Italy;R;Necropolis;Plain;1.0000;1;1;9.79826672673438;45.62031310824095;1;4;;;6;;;;;6;1;;1;;;;;2;;;;;1;;;;;;;;;;;;;;;;;
Calcinate, loc. Villa Passa, Tombs 3-4;Roman;Lombardia;Northern Italy;R;Necropolis;Plain;0.5000;1;2;9.79826672673438;45.62031310824095;2;;;1;;;;;;29;2;;32;;;;;4;20;12;;;;;;;;;;;;;;;;;;;;
Calcinate, loc. Villa Passa, pit (US 122);Late Roman;Lombardia;Northern Italy;LR;Rural site, villa;Plain;0.5000;3;4;9.79826672673438;45.62031310824095;;1;;1;;;;;;2;;;;;;;;1;6;;;;;;;;;;;;;;;;;;;;;
Calcinate, loc. Campo Musna (US 168);Roman;Lombardia;Northern Italy;R;Rural site, villa;Plain;0.1250;-1;6;9.803402572092853;45.61031712464418;1;;2;;;;;;;15;;;;;;;;;108;;;;;10;;;;;;;;;;;;;;;;
Calcinate, loc. Campo Musna (US 168);Roman;Lombardia;Northern Italy;LR;Rural site, villa;Plain;0.1250;-1;6;9.803402572092853;45.61031712464418;1;;2;;;;;;;15;;;;;;;;;108;;;;;10;;;;;;;;;;;;;;;;
Calcinate, loc. Campo Musna (US 168);Roman;Lombardia;Northern Italy;EMA;Rural site, villa;Plain;0.1250;-1;6;9.803402572092853;45.61031712464418;1;;2;;;;;;;15;;;;;;;;;108;;;;;10;;;;;;;;;;;;;;;;
Bazzano, Pozzo Casini;Late Roman;Emilia-Romagna;Northern Italy;LR;Urban;Plain;0.5000;5;6;11.082577574770152;44.50819047836196;;;;;;;;;;;;;;;;;;;11;9;;;;;;10;;;;;;;;;;;;;;
Bazzano, Pozzo Casini;Late Roman;Emilia-Romagna;Northern Italy;EMA;Urban;Plain;0.5000;5;6;11.082577574770152;44.50819047836196;;;;;;;;;;;;;;;;;;;11;9;;;;;;10;;;;;;;;;;;;;;
Montegrotto Terme, via Neroniana, Silos (US 4131);Medieval;Veneto;Northern Italy;Ma;Rural;Plain;1.0000;11;11;11.793363508103882;45.3231475589978;;;;;2;;2;2;15;2;;;1;;;;;;;;;;;4;;;;;;3;;;1;;;;;;;
Montegrotto Terme, via Neroniana, hut (US 2004-2019);Medieval;Veneto;Northern Italy;Ma;Rural;Plain;0.5000;11;12;11.793363508103882;45.3231475589978;7;;1;;8;;3;;;25;3;;;;;;;;;2;;;;59;;1;;;;6;;;;;;2;1;;;
Montegrotto Terme, via Neroniana, elongated ditch (US 4174);Medieval;Veneto;Northern Italy;EMA;Rural;Plain;0.1667;9;14;11.793363508103882;45.3231475589978;13;;;;6;;;57;1;11;;;1;;;;;;;;;;;961;3;;;;;228;;;23;;1;;;;;
Montegrotto Terme, via Neroniana, elongated ditch (US 4174);Medieval;Veneto;Northern Italy;Ma;Rural;Plain;0.1667;9;14;11.793363508103882;45.3231475589978;13;;;;6;;;57;1;11;;;1;;;;;;;;;;;961;3;;;;;228;;;23;;1;;;;;
San Lorenzo di Sebato, loc. Pichlweise;Roman;Trentino-Alto Adige/Südtirol;Northern Italy;R;Necropolis;Mountain;0.2500;2;5;11.905785018062886;46.78644859007541;;2;1;;4;;1;3;;12;;;;;;;;;;;;;;;;;;;;;;;;;;;;;;
San Lorenzo di Sebato, loc. Pichlweise;Roman;Trentino-Alto Adige/Südtirol;Northern Italy;LR;Necropolis;Mountain;0.2500;2;5;11.905785018062886;46.78644859007541;;2;1;;4;;1;3;;12;;;;;;;;;;;;;;;;;;;;;;;;;;;;;;
Modena, Cassa di Risparmio;Roman;Emilia-Romagna;Northern Italy;R;Urban;Plain;1.0000;1;1;10.927570243724745;44.64497707978179;21;26;14;1;23;2;;;;43;2;;2;;2;1;;;594;142;;5;8692;5065;5;118;11;9;865;5229;8;494;7;264;5;51;218;250;749;
Sondrio, via Quadrio;Medieval;Lombardia;Northern Italy;Ma;Urban;Plain;0.2500;11;14;9.873043999370287;46.17176926743521;;1;;;;;;4;;5;;;;;;;;;1;;;;;3;;;;;;;;;;;;;;;;
Teglio, Combolo, 1st c. BCE- 2nd c. CE;Roman;Lombardia;Northern Italy;R;Urban;Mountain;0.2500;-1;2;10.06732417238592;46.172234453803064;;;;;;;;;;;;;3;;;;;;1;17;;;;;;;;;;;;;;;;;;;;
Nave;Roman;Lombardia;Northern Italy;R;Necropolis;Plain;1.0000;1;1;10.258055905657397;45.585574714128114;;;;;21;;;;;54;5;;36;;;;;39;1;19;;1;2;4;;;;1;10;;;;;;;;;;;8
Cognento;Early Medieval;Emilia-Romagna;Northern Italy;EMA;Rural;Plain;0.5000;6;7;10.871068079319562;44.63471884641742;11;;;1;1;2;20;;;;3;;;;1;;;;25;1;;6;11;130;;;9;1;;2;;;3;;;694;6;219;;
Casazza, Bergamo;Roman;Lombardia;Northern Italy;R;Rural;Mountain;0.2000;1;5;9.907844655639213;45.7494633116574;1;;;;116;;;;;2;;;7;;;;;1;22;4;;;;2;;;;;;;;;;;1;;;;;
Casazza, Bergamo;Roman;Lombardia;Northern Italy;LR;Rural;Mountain;0.2000;1;5;9.907844655639213;45.7494633116574;1;;;;116;;;;;2;;;7;;;;;1;22;4;;;;2;;;;;;;;;;;1;;;;;
Montegibbio, Period 2, Phases II-III-IV;Late Roman;Emilia-Romagna;Northern Italy;LR;Rural site, villa;Hill;0.3333;4;6;10.785917381199157;44.51343035419405;7;1;;;3;;;;;4;;;;;;;;5;3;;;;;16;;;;;;;;;;;;;;;;
Montegibbio, Period 2, Phases II-III-IV;Late Roman;Emilia-Romagna;Northern Italy;EMA;Rural site, villa;Hill;0.3333;4;6;10.785917381199157;44.51343035419405;7;1;;;3;;;;;4;;;;;;;;5;3;;;;;16;;;;;;;;;;;;;;;;
Cremona, piazza Marconi, wastepit;Roman;Lombardia;Northern Italy;R;Urban;Plain;0.5000;-2;-1;10.022754626427878;45.13159072094098;;3;;;;;18;16;;3;;;;;;;;;1;1;;;2608;1147;;;;5;6;1;;1526;12;;9;;2;416;3;
Cremona, piazza Marconi, Ninfeo domus;Roman;Lombardia;Northern Italy;R;Urban;Plain;1.0000;1;1;10.022754626427878;45.13159072094098;1682;;2;1;;1;;;;22;6;10;;162;;9;;;3;;;;;;;;;;;;;;;;;;;;;25
Cremona, piazza Marconi, bone working craft area;Roman;Lombardia;Northern Italy;R;Urban;Plain;0.5000;-2;-1;10.022754626427878;45.13159072094098;;9;3;;;;;2;;156;;;;;;;;;13;11;;1;2;5;;;;;5;;;1;;;;;;1;;
Vittorio Veneto, loc. San Rocco, period I;Roman;Veneto;Northern Italy;R;Urban;Mountain;0.5000;-2;-1;12.2882577;45.9763529;2;291;14;;1;;;7;;94;6;;;;;;;;;;;;;12;;;;;;;;;;;;;;;;
Vittorio Veneto, loc. San Rocco, period II;Late Roman;Veneto;Northern Italy;LR;Urban;Mountain;1.0000;5;5;12.2882577;45.9763529;;;1;;;;;;1;16;;;;;;;;;2;;;;;10;;;;;;;;;;;;;;;;
Peveragno, loc. Castelvecchio;Early Medieval;Piemonte;Northern Italy;LR;Castrum;Mountain;0.3333;3;6;7.647035828225136;44.31064156531865;82;9;;1;4;197;;1;;15;;5;10;2;9;;;13;5;;;;;;;;;;;;;;;;;1;;;;
Peveragno, loc. Castelvecchio;Early Medieval;Piemonte;Northern Italy;EMA;Castrum;Mountain;0.3333;3;6;7.647035828225136;44.31064156531865;82;9;;1;4;197;;1;;15;;5;10;2;9;;;13;5;;;;;;;;;;;;;;;;;1;;;;
Modena, Novi Sad - landfill;Roman;Emilia-Romagna;Northern Italy;R;Urban;Plain;0.5000;1;2;10.92330581318566;44.65137680131194;;;;;1;1;;;;1;;;;;1;;;;4;12;;;115;101;2;44;;1;11;1;;4;;8;;5;;;7;1
Ferrara, Corso Porto Reno, 950-1050;Medieval;Emilia-Romagna;Northern Italy;EMA;Urban;Plain;0.5000;10;11;11.61812414224335;44.83446804629176;1;1;;1;1;;1;1;1;;1;1;;;1;;;;;1;1;;1;;;1;;1;;1;1;1;1;1;1;1;1;1;1;
Ferrara, Corso Porto Reno, 950-1050;Medieval;Emilia-Romagna;Northern Italy;Ma;Urban;Plain;0.5000;10;11;11.61812414224335;44.83446804629176;1;1;;1;1;;1;1;1;;1;1;;;1;;;;;1;1;;1;;;1;;1;;1;1;1;1;1;1;1;1;1;1;
Sant'Agata Bolognese, 10th-11th c.;Early Medieval;Emilia-Romagna;Northern Italy;EMA;Castrum;Plain;0.5000;10;11;11.162317510736269;44.691806682834574;253;109;112;5;54;2;236;2;21;;2;7;193;;;23;;;;1;;;262;29;;1;;1;;;1;3;;;;;;;;
Sant'Agata Bolognese, 10th-11th c.;Early Medieval;Emilia-Romagna;Northern Italy;Ma;Castrum;Plain;0.5000;10;11;11.162317510736269;44.691806682834574;253;109;112;5;54;2;236;2;21;;2;7;193;;;23;;;;1;;;262;29;;1;;1;;;1;3;;;;;;;;
S. Michele di Trino, Phase IV, 10th-11th c.;Medieval;Piemonte;Northern Italy;EMA;Urban;Plain;0.5000;10;11;8.304962373728886;45.19673507552628;89;;;;297;883;1;;;533;3;1;108;;6;5;;;;;;;;;;;;;;;;;;;;;;;;
S. Michele di Trino, Phase IV, 10th-11th c.;Medieval;Piemonte;Northern Italy;Ma;Urban;Plain;0.5000;10;11;8.304962373728886;45.19673507552628;89;;;;297;883;1;;;533;3;1;108;;6;5;;;;;;;;;;;;;;;;;;;;;;;;
S. Michele di Trino, Phase IVb, 9th-10th c.;Frankish;Piemonte;Northern Italy;EMA;Urban;Plain;0.5000;9;10;8.304962373728886;45.19673507552628;227;;;81;36;783;1826;;;131;;8;19;;;;;1;;;;;;;;;;;;;;;;;;;;;;
S. Michele di Trino, Phase IV-V, 11th-12th c.;Medieval;Piemonte;Northern Italy;Ma;Urban;Plain;0.5000;11;12;8.304962373728886;45.19673507552628;17;;;1;25;116;;;;;;;4;;;;;;;;;;;;;;;;;;;;;;;;;;;
Aquileia, Canale Anfora, 1st-3rd c. CE;Roman;Friuli-Venezia Giulia;Northern Italy;R;Urban;Coast;0.3333;1;3;13.3346;45.76475;2;1;;;3;;17;20;;2565;;;;;;;;;205;17;22;9;760;208;6;4;2;1;21;1;;;;6;40;;6;15;2;
Aquileia, Canale Anfora, 1st-3rd c. CE;Roman;Friuli-Venezia Giulia;Northern Italy;LR;Urban;Coast;0.3333;1;3;13.3346;45.76475;2;1;;;3;;17;20;;2565;;;;;;;;;205;17;22;9;760;208;6;4;2;1;21;1;;;;6;40;;6;15;2;
Aquileia, Canale Anfora, 3rd-4th c. CE;Late Roman;Friuli-Venezia Giulia;Northern Italy;LR;Urban;Coast;0.5000;3;4;13.3346;45.76475;;;;;;;;2;;;;;;;;;;;22;5;5;5;85;25;;;;;4;;;;;;1;;;;;
Calvatone-Bedriacum, 1st c. BCE - 1st c. CE;Roman;Lombardia;Northern Italy;R;Urban;Plain;1.0000;1;1;10.44266062805678;45.128482674895764;292;6;1;;1086;;2;;;15;94;;14;;5;;;;;;;;;;;;;;;;;;;;;;;;;
Aquileia, Canale Anfora, 3rd-4th c. CE;Late Roman;Friuli-Venezia Giulia;Northern Italy;LR;Urban;Coast;0.5000;3;4;13.3346;45.76475;;;;;;;;2;;;;;;;;;;;22;5;5;5;85;25;;;;;4;;;;;;1;;;;;
San Bartolomeo de Castelàz;Frankish;Lombardia;Northern Italy;EMA;Rural;Mountain;0.5000;9;10;10.355106611391221;46.391948698513126;1277;31;1;61;3419;115;74;36;;1242;;16;111;;;4;2;52;381;26;682;;;;;;;;;2;;;;;;;;4;;
Chiari, piazza Zanardelli;Frankish;Lombardia;Northern Italy;EMA;Urban;Plain;0.5000;8;9;9.928872599867887;45.53666701893512;3;1;1;1;3;1;1;;;;;;;;;;;;;;;;;;;;;;;;;;;;;;;;;
Collegno;Early Medieval;Piemonte;Northern Italy;EMA;Rural;Plain;0.5000;6;7;7.574410172822639;45.085015972528915;1;;;;;;1;;;6;;;;;2;;;;2;;14;;;21;;;;;;;;;;;;;;;;
San Candido, Cantiere Böden;Roman;Trentino-Alto Adige/Südtirol;Northern Italy;R;Rural;Mountain;1.0000;1;1;12.287541123200938;46.73358747070309;;15;3;3;4;;;;;32;;;;;;;;3;;8;;;;;;;;;;;;;;;;;;;;
San Candido, Casa dell'Organista, Roman age;Roman;Trentino-Alto Adige/Südtirol;Northern Italy;R;Rural;Mountain;0.3333;1;3;12.282496938200017;46.73325290821929;6;10;;9;23;17;9;;;90;;1;9;;;;;1;;;;;;;;;;;;;;;;;;;;1;;
San Candido, Casa dell'Organista, Roman age;Roman;Trentino-Alto Adige/Südtirol;Northern Italy;LR;Rural;Mountain;0.3333;1;3;12.282496938200017;46.73325290821929;6;10;;9;23;17;9;;;90;;1;9;;;;;1;;;;;;;;;;;;;;;;;;;;1;;
San Candido, Municipio, Early Middle Ages;Early Medieval;Trentino-Alto Adige/Südtirol;Northern Italy;EMA;Rural;Mountain;0.2000;6;10;12.282911634472368;46.73264513004835;44;3;;2894;5708;41;;;;508;1;1;;;15;;;;;;;;;;;;;;;;;;;;;;;;;
San Candido, Casa dell'Organista, Early Medieval age;Early Medieval;Trentino-Alto Adige/Südtirol;Northern Italy;EMA;Rural;Mountain;0.5000;7;8;12.282496938200017;46.73325290821929;3;9;;11;14;20;;1;;68;;;;;;;;;;;;;;;;;;;;;;;;;;;;;;
Case Nuove, Cinigiano, Phase 1.2;Roman;Toscana;Central Italy;R;Rural;Hill;1.0000;1;1;11.34589342010911;42.89164959900157;1;;;;1;;;;;2;5;;;;;;;;;;;;;10;;;;;9;;;;;;;;;;;
Case Nuove, Cinigiano, Phase 1.3;Roman;Toscana;Central Italy;LR;Rural;Hill;1.0000;3;3;11.34589342010911;42.89164959900157;;;;;;;;;;;;;;;;;;;1;;;;;1;;;;;1;;;;;;;;;;;
Case Nuove, Cinigiano, Phase 2;Late Roman;Toscana;Central Italy;LR;Rural;Hill;0.5000;4;5;11.34589342010911;42.89164959900157;7;4;6;;55;;;;;61;12;1;;1;;;;2;8;;;;;259;;;;;23;;;;;;;;;;;
Roma, Schola Praeconum;Late Roman;Lazio;Central Italy;LR;Urban;Plain;1.0000;5;5;12.485082999997013;41.88769655093908;1;2;;1;1;;;;;;;1;1;;;;;3;;;;;;1;;;;;;;;;;;;;;;;
Anguillara Sabazia, Mura di Santo Stefano, Phase 4;Medieval;Lazio;Central Italy;EMA;Urban;Hill;0.3333;9;11;12.258645754824592;42.07066560947221;56.39;6.4;0.15;0.09;16.02;1.81;1.09;;;;0.04;;7.03;;1.43;1.3;0.84;2.38;;;;;;;;;;;;;;;;;;;;;;
Anguillara Sabazia, Mura di Santo Stefano, Phase 4;Medieval;Lazio;Central Italy;Ma;Urban;Hill;0.3333;9;11;12.258645754824592;42.07066560947221;56.39;6.4;0.15;0.09;16.02;1.81;1.09;;;;0.04;;7.03;;1.43;1.3;0.84;2.38;;;;;;;;;;;;;;;;;;;;;;
Rocca degli Alberti, Village phase;Lombard;Toscana;Central Italy;EMA;Rural;Hill;0.5000;8;9;10.856876081951047;43.14567502485282;4037;206;64;226;943;22;;29;;1475;;1;52;11;;23;;15;;;;;;5;;;;;1;139;;;;;;;;;;
Rocca degli Alberti, Manorial court phase;Frankish;Toscana;Central Italy;EMA;Rural;Hill;0.5000;9;10;10.856876081951047;43.14567502485282;2097;;3;15;8;3;;14;;920;;;;;;4;;;;;;;;5;;;;;;7;;;;;;;;;;
Rocchette Pannocchieschi;Frankish;Toscana;Central Italy;EMA;Castle;Hill;0.5000;10;11;10.891856593036943;43.04839767718219;208;1;;;3;;;;;;3;4;;4;1;1;;;;;;;;;;;;;;;;;;;;;;;;
Rocchette Pannocchieschi;Frankish;Toscana;Central Italy;Ma;Castle;Hill;0.5000;10;11;10.891856593036943;43.04839767718219;208;1;;;3;;;;;;3;4;;4;1;1;;;;;;;;;;;;;;;;;;;;;;;;
Filattiera-Sorano, Phase IV;Late Roman;Toscana;Central Italy;LR;Rural;Plain;0.5000;4;5;9.92931949408495;44.333323121935315;5976;;;;2;;188;93;;;;1;997;36;;;;3;17;;;;;6;;;;;2;1;;;;;;;;;;
Volterra, Vallebuona;Late Roman;Toscana;Central Italy;LR;Urban;Hill;0.5000;3;4;10.859498454710703;43.403984253011174;;1;;;1;;;;;;;;;;;;;1;;;;;1;;;2;;;;;;;;;;;;;;
Volterra, podere San Mario, 5th-6th c.;Early Medieval;Toscana;Central Italy;LR;Rural;Hill;0.5000;5;6;10.905322152828276;43.396751684683565;4;1;2;;8;;;;;38;;1;21;;;;;6;23;;;;;410;;;;;1;;;6;;1;;;;;;
Volterra, podere San Mario, 5th-6th c.;Early Medieval;Toscana;Central Italy;EMA;Rural;Hill;0.5000;5;6;10.905322152828276;43.396751684683565;4;1;2;;8;;;;;38;;1;21;;;;;6;23;;;;;410;;;;;1;;;6;;1;;;;;;
Castello di Santa Severa, Casa del Nostromo;Byzantine;Lazio;Central Italy;EMA;Urban;Coast;0.5000;7;8;11.958046918705422;42.01920241306131;695;;;;110;;;;;;;;10;;19;10;;;;;;;;3;;;;;;;;;;;;;;;;
Miranduolo, village phase;Lombard;Toscana;Central Italy;EMA;Rural;Hill;0.5000;8;9;11.079989431456067;43.120523086437785;200;12;115;47;12;2;28;;;60;;;7;;1;1;;2;;;;;;;;;;;;;;;;;;;;;;
Miranduolo, manor phase;Frankish;Toscana;Central Italy;EMA;Rural;Hill;0.5000;9;10;11.079989431456067;43.120523086437785;14124;147;361;116;1278;1798;306;219;2;1432;2;3;4498;4;18;31113;;36;1;;19;;;33;;4;;;;;;;;;;;;;;
Miranduolo, castle phase;Medieval;Toscana;Central Italy;EMA;Castle;Hill;0.5000;10;11;11.079989431456067;43.120523086437785;11805;485;1824;292;3148;9811;933;193;;5578;;4;1973;110;33;153;22;96;;;10;4;;34;;3;;;;;;;;;13;;;;;
Miranduolo, castle phase;Medieval;Toscana;Central Italy;Ma;Castle;Hill;0.5000;10;11;11.079989431456067;43.120523086437785;11805;485;1824;292;3148;9811;933;193;;5578;;4;1973;110;33;153;22;96;;;10;4;;34;;3;;;;;;;;;13;;;;;
Marzuolo, Phase 2;Roman;Toscana;Central Italy;R;Rural;Plain;1.0000;1;1;11.408297998931415;42.95620255964278;;7;;;21;;;;;12;4;;1;;;;;4;3;;;;;46;;;;;3;;;1;;;;;;;;
Marzuolo, Phase 3;Roman;Toscana;Central Italy;R;Rural;Plain;0.5000;2;3;11.408297998931415;42.95620255964278;2;;;;;;;;;8;;;;;;;;5;1;;;;;14;;1;;;2;;;;;;;;;1;;
Marzuolo, Phase 3;Roman;Toscana;Central Italy;LR;Rural;Plain;0.5000;2;3;11.408297998931415;42.95620255964278;2;;;;;;;;;8;;;;;;;;5;1;;;;;14;;1;;;2;;;;;;;;;1;;
Villa Magna, Byzantine phase, 6th-7th c.;Byzantine;Lazio;Central Italy;EMA;Rural site, villa;Hill;0.5000;6;7;13.112407048036301;41.68141381604245;2;;;;9;;;;;;;;;;;;;;;;;;;6;;;;;;;;;;;;;;;;
Villa Magna, monastic village, 10th-13th c.;Medieval;Lazio;Central Italy;Ma;Rural;Hill;0.3333;10;13;13.112407048036301;41.68141381604245;86;;;;8;;;;;;;;;;145;;;1;;1;;;5;1;;;;;;;;;;;;56;;1;;
Settefinestre, Phase 1;Roman;Toscana;Central Italy;R;Rural site, villa;Hill;0.5000;-1;1;11.327089226104398;42.4308642494648;;;;;1;;;;;1;;1;;;;;;;;;;;;;;;;;;;;;;;;;;;;
Settefinestre, Phase 2;Roman;Toscana;Central Italy;R;Rural site, villa;Hill;0.5000;2;3;11.327089226104398;42.4308642494648;;1;;1;;;;;;;1;;;;1;;;;;1;;;;1;;;;;;;;;;;;;;;;
Settefinestre, Phase 2;Roman;Toscana;Central Italy;LR;Rural site, villa;Hill;0.5000;2;3;11.327089226104398;42.4308642494648;;1;;1;;;;;;;1;;;;1;;;;;1;;;;1;;;;;;;;;;;;;;;;
Pompei, IX 8;Roman;Campania;Southern Italy;R;Urban;Coast;1.0000;1;1;14.48778106818106;40.752375998948736;;1;;;;;;;;;;;6;;;;;;;1;;;1;4;;;;;389;;;;;;;;;;;
S. Maria in Cività, D85;Early Medieval;Molise;Southern Italy;EMA;Urban;Hilltop;0.2500;6;9;14.81559846145632;41.80352728910525;2345;3;;90;1193;;336;;;4067;;;10;;;37;;126;;;;;307;14;;;;;;215;;;;;;3;;;;
S. Giovanni di Ruoti, Phase 1;Roman;Basilicata;Southern Italy;R;Rural site, villa;Mountain;0.3333;1;3;15.669902140170347;40.73911711017891;;;;;;;;;;1;;;;;;;;;;;;;;;;;;;;;;;;;;;;;;
S. Giovanni di Ruoti, Phase 1;Roman;Basilicata;Southern Italy;LR;Rural site, villa;Mountain;0.3333;1;3;15.669902140170347;40.73911711017891;;;;;;;;;;1;;;;;;;;;;;;;;;;;;;;;;;;;;;;;;
S. Giovanni di Ruoti, Phase 2;Late Roman;Basilicata;Southern Italy;LR;Rural site, villa;Mountain;1.0000;4;4;15.669902140170347;40.73911711017891;;;;;;;;;;7;;;;;;;;;;;;;;12;;;;;;;;;;;;;;;;
S. Giovanni di Ruoti, Phase 3A;Late Roman;Basilicata;Southern Italy;EMA;Rural site, villa;Mountain;1.0000;5;5;15.669902140170347;40.73911711017891;4;;;;;;1;;;8;1;1;;;;;;;;;;;2;10;;;;;28;;;;;;;;;3;;
S. Giovanni di Ruoti, Phase 3B;Late Roman;Basilicata;Southern Italy;LR;Rural site, villa;Mountain;0.5000;5;6;15.669902140170347;40.73911711017891;2;;;;13;;;;;4;;1;;;;;;;;;;1;1;;;;;;;;;;;6;;1;;;;
S. Giovanni di Ruoti, Phase 3B;Late Roman;Basilicata;Southern Italy;EMA;Rural site, villa;Mountain;0.5000;5;6;15.669902140170347;40.73911711017891;2;;;;13;;;;;4;;1;;;;;;;;;;1;1;;;;;;;;;;;6;;1;;;;
Pompei, VI, 1, Vicolo di Narciso, 1st c. BCE;Roman;Campania;Southern Italy;R;Urban;Coast;1.0000;-1;-1;14.482150280709833;40.751569690620215;;1;;;1;;;;;1;1;;0;;;;;;;;;;22;4;;;;;3;;;;;;;;;;;
Pompei, VI, 1, Vicolo di Narciso, 1st c. CE;Roman;Campania;Southern Italy;R;Urban;Coast;1.0000;1;1;14.482150280709833;40.751569690620215;1;;;;2;;1;;;2;2;;;1;2;;;;5;2;;1;48;141;1;2;;;6;;;;;;;;;;;
Pompei, VI, 1, via Consolare, 1st c. BCE;Roman;Campania;Southern Italy;R;Urban;Coast;1.0000;-1;-1;14.481919726317486;40.75143380748344;;;;;;;1;;;;;;;;;;;;;;;;;1;;;;;;;;;;;;;;;;
Pompei, VI, 1, via Consolare, 1st c. CE;Roman;Campania;Southern Italy;R;Urban;Coast;1.0000;1;1;14.481919726317486;40.75143380748344;;;;;;;;;;;;;;;;;;;;;;;;2;;;;;1;;;;;;;;;;;
Pompei, VI, 1, 1, Domus of Triclinium;Roman;Campania;Southern Italy;R;Urban;Coast;1.0000;-1;-1;14.48146610340285;40.75196455878867;;;;;1;;3;2;;5;;;;;5;;;;3;;;13;15101;95;5;;;;4;;;;;;3;;;;;
Pompei, VI, 1, 19, well, 1st c. BCE;Roman;Campania;Southern Italy;R;Urban;Coast;1.0000;-1;-1;14.482247528149088;40.75128122091914;;;;;;;;;;;;;;;;;;;;;;;;12;;;;;1;;;;;;;;;;;
Pompei, VI, 1, 19, well, 1st c. CE;Roman;Campania;Southern Italy;R;Urban;Coast;1.0000;1;1;14.482247528149088;40.75128122091914;;;;;1;;;;;1;;;;;;;;;;;;;76;;;;;;5;;;;;;;;;;;
Pompei, VI, 1, 17, Bar of Acisculus, 1st c. BCE;Roman;Campania;Southern Italy;R;Urban;Coast;1.0000;-1;-1;14.482136829949123;40.75134252657623;;;;;;;10;;;2;2;;;;;;;;;;;;15;24;;;;;1;;;;;;;;;;;
Pompei, VI, 1, 17, Bar of Acisculus, 1st c. CE;Roman;Campania;Southern Italy;R;Urban;Coast;1.0000;1;1;14.482136829949123;40.75134252657623;1;;;;;;;1;;;;;1;1;;;;;;;;;1;3;;;;;9;;;;;;;;;;;
Pompei, VI, 1, 18, Bar of Phoebus, 1st c. CE;Roman;Campania;Southern Italy;R;Urban;Coast;1.0000;1;1;14.482194036642367;40.75130282323731;;;;;;;;;;;;;;;;;;;;;;;2;;;;;;2;;;;;;3;;;;;
Pompei, VI, 1, 13, Shrine, 1st c. BCE;Roman;Campania;Southern Italy;R;Religious;Coast;1.0000;-1;-1;14.481925455394308;40.75146352986885;25;10;;;4;;39;1;;53;18;;3;7;10;;;;4;;;4;508;48;3;;;;69;;;;;;;;;;;
Pompei, VI, 1, 13, Shrine, 1st c. CE;Roman;Campania;Southern Italy;R;Religious;Coast;1.0000;1;1;14.481925455394308;40.75146352986885;2;2;;;3;;23;2;;66;3;1;5;15;19;;;;4;4;;;70;51;1;2;;;91;;;;;;;;;;;
Pompei, VI, 1, 14, Soap factory, 1st c. BCE;Roman;Campania;Southern Italy;R;Urban;Coast;1.0000;-1;-1;14.482013218627142;40.75141864656914;;;;;1;;;3;;9;2;1;;;12;;;42;2;4;;;791;37;;10;;;35;;;;;;;;;;;
Pompei, VI, 1, 14, Soap factory, 1st c. CE;Roman;Campania;Southern Italy;R;Urban;Coast;1.0000;1;1;14.482013218627142;40.75141864656914;;;;;;;1;;;4;;;1;;1;;;;;1;;;;37;;;;;7;;;;;;1;;;;;
Pompei, VI, 1, 7, House of the Vestals, 1st c. BCE;Roman;Campania;Southern Italy;R;Urban;Coast;1.0000;-1;-1;14.481751497397411;40.751680118766004;;;;;6;;2;;;4;3;;2;;6;;;;3;3;;;13;22;1;;;;6;;;;;;;;;;;
Pompei, VI, 1, 7, House of the Vestals, 1st c. CE;Roman;Campania;Southern Italy;R;Urban;Coast;1.0000;1;1;14.481751497397411;40.751680118766004;1;;;;4;;3;;;7;6;1;;5;11;;;;10;4;;;1705;59;1;7;;;15;;1;;;;;;;;;
Pompei, VI, 1, 10, House of the Surgeon, 1st c. BCE;Roman;Campania;Southern Italy;R;Urban;Coast;1.0000;-1;-1;14.481851060152303;40.75159883733661;;1;1;;;;2;;;4;2;;;1;5;;;;1;;;;2;6;;;;;8;;;;;;;;;;;
Pompei, VI, 1, 10, House of the Surgeon, 1st c. CE;Roman;Campania;Southern Italy;R;Urban;Coast;1.0000;1;1;14.481851060152303;40.75159883733661;3;4;;;;;2;3;;21;7;;;2;7;;;;4;;;;24;35;2;;;;48;;;;;;;;;;;
Pompei, VI, 1, 4, Inn, 1st c. BCE;Roman;Campania;Southern Italy;R;Urban;Coast;1.0000;-1;-1;14.481495918664416;40.75172144517327;3;1;;;;;;1;;4;;;;8;;;;;4;2;;;1582;48;;;;;120;;;;;;;;;;;
Pompei, VI, 1, 4, Inn, 1st c. CE;Roman;Campania;Southern Italy;R;Urban;Coast;1.0000;1;1;14.481495918664416;40.75172144517327;2;;;;5;1;;;;5;;;;7;39;;;;1;;;;3;24;1;1;;;24;;;;;;;;;;;
Pompei, VI, 1, 4, Inn Bar, 1st c. BCE;Roman;Campania;Southern Italy;R;Urban;Coast;1.0000;-1;-1;14.481558200389934;40.75169792180213;;;;;;;;;;2;;;;;;;;;1;;;;32;1;;;;;1;;;;;;;;;;;
Pompei, VI, 1, 4, Inn Bar, 1st c. CE;Roman;Campania;Southern Italy;R;Urban;Coast;1.0000;1;1;14.481558200389934;40.75169792180213;;;;;1;;;;;3;;;;;3;;;;;;;;56;1;;2;;;2;;;;;;;;;;;
Pompei, VI, 1, 4, Vestals Bar, 1st c. BCE;Roman;Campania;Southern Italy;R;Urban;Coast;1.0000;-1;-1;14.481633069569275;40.751659159606305;;;;;;;;;;1;;;;;;;;;;;;;2;5;;;;;;;;;;;;;;;;
Pompei, VI, 1, 4, Vestals Bar, 1st c. CE;Roman;Campania;Southern Italy;R;Urban;Coast;1.0000;1;1;14.481633069569275;40.751659159606305;;1;;;;;;;;3;1;1;;3;6;;;;3;1;;;20;21;;;;;2;;;;;;1;;;;;
Acquachiara, Trench 10000, Early Imperial Phase;Roman;Abruzzo;Southern Italy;R;Rural;Mountain;0.5000;1;2;14.407341375639954;42.00487328893356;5;;;;2;;;;;3;;;;;2;;;;;;;;89;52;;;;114;;;;;;;;;;;;
Salapia, area botteghe, US 2463;Late Roman;Puglia;Southern Italy;LR;Urban;Coast;0.5000;4;5;15.997292733316364;41.400097003336256;;1;;;;;;;;1;;;;;;;;1;;;;;;;;;;;2;;;;;;;;;;;
Salapia, area botteghe, US 2439;Late Roman;Puglia;Southern Italy;LR;Urban;Coast;1.0000;5;5;15.997292733316364;41.400097003336256;6;4;;;1;;;;;24;;;;;;;;;;;;;;;21;;;;31;;;;;;;;;;;
Salapia, area botteghe, US 2475;Early Medieval;Puglia;Southern Italy;EMA;Urban;Coast;1.0000;6;6;15.997292733316364;41.400097003336256;;;;;;;;;;;;;;;2;;;;;;;;;;;;;;;;;;;;;;;;;
Salapia, area botteghe, US 2437;Early Medieval;Puglia;Southern Italy;EMA;Urban;Coast;1.0000;7;7;15.997292733316364;41.400097003336256;1;;;1;;;;;;22;;;;;;;;1;;;;;;;;;;;4;;;;;;;;;;;
Salapia, area conceria, US 2054;Early Medieval;Puglia;Southern Italy;LR;Urban;Coast;0.5000;5;6;15.997366453388821;41.399715738794626;;1;;;;;;;;2;;;;;;;;;;;;;;3;;;;;1;;;;;;;;;;;
Salapia, area conceria, US 2054;Early Medieval;Puglia;Southern Italy;EMA;Urban;Coast;0.5000;5;6;15.997366453388821;41.399715738794626;;1;;;;;;;;2;;;;;;;;;;;;;;3;;;;;1;;;;;;;;;;;
Salapia, area conceria, US 2211-2217;Early Medieval;Puglia;Southern Italy;EMA;Urban;Coast;1.0000;7;7;15.997366453388821;41.399715738794626;;;;;8;;;;;16;2;;;;;;;;;;;;;1;4;;;;13;;;;;;;;;;;
Salapia, area conceria, 8th-9th c.;Early Medieval;Puglia;Southern Italy;EMA;Urban;Coast;0.5000;8;9;15.997366453388821;41.399715738794626;2;6;3;;;;;;;56;1;;;;2;;;7;;;;;;20;;;;;28;;;;;;;;;;;
Faragola, wastepit 61;Lombard;Puglia;Southern Italy;EMA;Rural site, villa;Plain;1.0000;7;7;15.560001469193985;41.22830663491206;;5;;;1;;;;;9;;;;;1;;;;;;;;;8;;;;;9;;;;;;;;;;;
Faragola, wastepit 66;Lombard;Puglia;Southern Italy;EMA;Rural site, villa;Plain;1.0000;7;7;15.560001469193985;41.22830663491206;34;6;;4;18;;;;;20;12;32;;;19;8;;6;;;;;;10;;;;;18;;;;;;;;;;;
Herculaneum, Cardo V sewer;Roman;Campania;Southern Italy;R;Urban;Coast;1.0000;1;1;14.348113264181602;40.80591626652151;1;2;1;1;3;;52;35;7;207;18;;3;;6;;;;6;3;;;1000;210;4;;;4;686;;;;;;12;1;;16;;2
Colle Castellano, Phase 3-4;Medieval;Molise;Southern Italy;EMA;Urban;Hill;0.5000;10;11;14.111965302686905;41.55669229775053;20;;;;24;;231;;;55;;;1;;;3;;14;;;;;2;2;;;;;;;;;;;;;;;;
Colle Castellano, Phase 3-4;Medieval;Molise;Southern Italy;Ma;Urban;Hill;0.5000;10;11;14.111965302686905;41.55669229775053;20;;;;24;;231;;;55;;;1;;;3;;14;;;;;2;2;;;;;;;;;;;;;;;;
Vagnari II, Phase 2;Roman;Puglia;Southern Italy;R;Rural;Hill;1.0000;1;1;16.274555989653205;40.83289782302369;3;1;;;6;;;;;16;;;;;5;2;;10;;;;;;;;;;;4;;;;;;;;;;;
Vagnari II, Phase 3;Roman;Puglia;Southern Italy;R;Rural;Hill;1.0000;2;2;16.274555989653205;40.83289782302369;7;;3;;4;;;;;11;;;;;;2;;3;;;;;;;;;;;2;;;;;;4;;;;;
Vagnari II, Phase 4;Roman;Puglia;Southern Italy;R;Rural;Hill;0.5000;2;3;16.274555989653205;40.83289782302369;9;;3;3;5;;;;;7;;;;;2;2;;10;;;;;;;;;;;3;;;;;;1;;;;;
Vagnari II, Phase 4;Roman;Puglia;Southern Italy;LR;Rural;Hill;0.5000;2;3;16.274555989653205;40.83289782302369;9;;3;3;5;;;;;7;;;;;2;2;;10;;;;;;;;;;;3;;;;;;1;;;;;
Vagnari II, Phase 5;Roman;Puglia;Southern Italy;LR;Rural;Hill;1.0000;3;3;16.274555989653205;40.83289782302369;3;;;;1;;;;;1;;;;;;2;;2;;;;;;;;;;;3;;;;;;;;;;;
San Vincenzo al Volturno, kitchen area;Early Medieval;Molise;Southern Italy;EMA;Religious, monastery;Hill;1.0000;9;9;14.087630727003582;41.64988907359276;40;50;;;35;;;;;;40;;;;300;;;;320;50;;;;1428;;;;;20;;;;;;;;;;;
Supersano, loc. Scorpo;Byzantine;Puglia;Southern Italy;EMA;Rural;Plain;0.5000;7;8;18.23607367470956;40.03794944922776;3;;;2;3;;;;;;;;;;;;;;;;;;2;1204;;;;2;1;;;1;;;;37;;;;
Apigliano, 9th-10th c., pits;Byzantine;Puglia;Southern Italy;EMA;Rural;Plain;0.5000;9;10;18.269140461849993;40.20095884213332;1;;;;1;;;;;;;;2;;;;;;;;;;;;;;;;;;;;;;;;;;;
Apigliano, 10th-11th c., pits;Byzantine;Puglia;Southern Italy;EMA;Rural;Plain;0.5000;10;11;18.269140461849993;40.20095884213332;2;;;;1;;;;;;1;1;1;;;;;1;;;;;;;;;;;;;;;;;;;;;;
Apigliano, 10th-11th c., pits;Byzantine;Puglia;Southern Italy;Ma;Rural;Plain;0.5000;10;11;18.269140461849993;40.20095884213332;2;;;;1;;;;;;1;1;1;;;;;1;;;;;;;;;;;;;;;;;;;;;;
Faragola, granary A7;Lombard;Puglia;Southern Italy;EMA;Rural site, villa;Plain;0.5000;7;8;15.560001469193985;41.22830663491206;29;2;;37;288;;;;;110;;16;;;214;;;2;;;;;;;;;;;;;;;;;;;;;;
Faragola, granary A8;Lombard;Puglia;Southern Italy;EMA;Rural site, villa;Plain;0.5000;7;8;15.560001469193985;41.22830663491206;1140;22;;;45;;;;;15;;;;;2;;1;;;;;;;;;;;;1;;;;;;;;;;;
Lecce, piazzetta Castromediano;Late Roman;Puglia;Southern Italy;LR;Urban;Plain;0.5000;3;4;18.17231067896651;40.35452508937071;;8;;;2;;;;;;;;48;;;;;;;;;;;5;;;;;4;;;;;;1;;;;;
Lecce, piazzetta Epulione;Late Roman;Puglia;Southern Italy;LR;Urban;Plain;0.5000;3;4;18.171272184642334;40.35094466749672;;;;;;;;;;;;;;;;;;1;;;;;;8;;;;;9;;;;;;;;;;;
Pantanello, sanctuary basin, abandonment phase, 2nd c. - 1st c. BCE;Roman;Basilicata;Southern Italy;R;Rural;Coast;0.5000;-2;-1;16.786493772770424;40.389436907716814;1;2;;;13;;9;;;14;;;;;;;;;;;;;2119;334;;;;;184;;;;;;;;;;;
Pompei, I 9, House of Amarantus, 1st c. BCE;Roman;Campania;Southern Italy;R;Religious;Coast;1.0000;-1;-1;14.49110577296243;40.750398448830175;;;;;;;;;;1;1;;1;;;;;1;1;;;;1;1;;;;;1;;;;;;;;;;;
Pompei, I 9, House of Amarantus, 1st c. CE;Roman;Campania;Southern Italy;R;Religious;Coast;1.0000;1;1;14.49110577296243;40.750398448830175;;1;;;1;;1;1;;1;;;;;;;;1;1;1;;;1;1;;1;;;1;;;;;;1;;;;;1
Pompei, VI, 1, 9.10.23, House of the Surgeon, 1st c. CE;Roman;Campania;Southern Italy;R;Urban;Coast;1.0000;1;1;14.481851060152305;40.75159883733663;3;5;1;;;;4;3;;42;11;;;6;20;;;;6;;;;28;147;2;;;;417;;;;;;;;;;;
