Site ID;Short Reference;Year;Complete Reference;Publication Type
107;MacKinnon 2002;2002;MacKinnon, M., 2002. The Excavations of San Giovanni di Ruoti, The Excavations of San Giovanni di Ruoti. University of Toronto Press.;Book
109;Panazza and Brogiolo 1988;1988;Panazza, G., Brogiolo, G.P., 1988. Ricerche su Brescia altomedioevale: Gli studi fino al 1978, lo scavo di Via Alberto Mario. Ateneo di Brescia.;Book
190;De Marinis 1990;1990;"De Marinis, G., 1990. Archeologia urbana a Fiesole: lo scavo di via Marini-via Portigiani. Giunti Editore, Firenze.
";Book
177;Pinchetti 2021;2021;"Pinchetti, L., 2021. Between town and monastery: peasant economy in the first millennium AD, Contributi di archeologia medievale. All’insegna del giglio, Sesto Fiorentino (FI).
";Book
262;De Grossi Mazzorin and Minniti 2022;2022;"De Grossi Mazzorin, J., Minniti, C., 2022. Gli animali a Roma. Tre millenni di interazione con l’uomo. All’Insegna del Giglio.
";Book
271;Opitz et al 2016;2016;"Opitz, R., Terrenato, N., Mogetta, M., 2016. A Mid-Republican House from Gabii. University of Michigan Press, Ann Arbor, MI.
";Book
276;Bökönyi et al 2010;2011;"Bökönyi, S., Gál, E., Bartosiewicz, L., 2010. The chora of Metaponto 2. Archaeozoology at Pantanello and five other sites: studies, 1st ed. ed. Institute of Classical Archaeology : University of Texas Press, Austin, Tex.
";Book
2;Castiglioni and Rottoli 2007;2007;Castiglioni E., Rottoli M. 2007. “Resti botanici dagli strati tardoantichi e altomedievali” in Roffia E., (a cura di) Dalla villa romana all’abitato altomedievale. Scavi archeologici in località Faustinella-S. Cipriano a Desenzano, pp. 79-85;Book section
4;Carra 2017;2017;Carra, M. 2017. Nuovi dati archeobotanici. In: Coralini, A. (a cura di) Pompei. Insula IX 8. Vecchi e nuovi scavi (1879~), Ante Quem, Bologna: 751-756 (ISBN 978-88- 7849-115-1).;Book section
5;Castiglioni and Rottoli 2012;2012;"Castiglioni, E. and Rottoli, M. 2012. I resti botanici dalla cisterna romana e da altre strutture. In: Lusuardi Siena, S. and Giostra, C. (eds). Archeologia medievale a Trezzo sull’Adda: il sepolcreto longobardo e l’oratorio di San Martino; le chiese di S. Stefano e s. Michele in Sallianense. Milano: Vita e Pensiero, 144–151. Contributi di archeologia 5.";Book section
5;Di Martino 2012;2012;"Di Martino, S. 2012. Le analisi archeozoologiche: consumi alimentari e offerte funerarie. In: Lusuardi Siena, S. and Giostra, C. (eds). Archeologia medievale a Trezzo sull’Adda: il sepolcreto longobardo e l’oratorio di San Martino; le chiese di S. Stefano e s. Michele in Sallianense. Milano: Vita e Pensiero, 321–326. Contributi di archeologia 5.
";Book section
6;Baker 1991;1991;Baker, P. 1991. Fauna. In: Brogiolo, G. P. and Castelletti, L. (eds). Archeologia a Monte Barro: Il grande edificio e le torri, I. Lecco: Stefanoni, 153–167.;Book section
6;Castelletti and Castiglioni 1991;1991;Castelletti, L. and Castiglioni, E. 1991. Resti vegetali. In: Brogiolo, G. P. and Castelletti, L. (eds). Archeologia a Monte Barro: Il grande edificio e le torri, I. Lecco: Stefanoni, 169–203.;Book section
7;Moser 2006;2006;Moser, D. 2006. Ricerche di carpologia a Loppio-Isola S. Andrea (TN): i primi risultati. Annali del Museo Civico di Rovereto, 21, 87–120.;Book section
9;Mercuri et al 2009;2009;Mercuri, A. M., Accorsi, C. A., Bandini Mazzanti, M., Bigi, P., Bottazzi, G., Bosi, G., Marchesini, M. Montecchi, M., Morel, J.-P., Olmi, L. and Pedini, D. 2009. From the “Treasure of Domagnano” to the archaeobotany of a Roman and Gothic settlement in the Republic of San Marino. In: Mercuri, A. M. and Morel, J.-P. (eds). Plants and Culture: seeds of the cultural heritage of Europe. Bari: Edipuglia, 69–91.;Book section
10;Bosi et al 2012;2012;Bosi, G., Bandini Mazzanti, M., Mercuri, A. M., Pederzoli, A., Florenzano, A. and Rinaldi, R. 2012. Indagini archeobotaniche sul riempimento delle buche da rifiuti e del pozzo nero di via Cavestro a Parma (X-XI sec d.C.). In: Marini Calvani, M. (ed). Ventidue secoli a Parma: lo scavo sotto la sede centrale della Cassa di Risparmio in piazza Garibaldi. Oxford: Archaeopress, 269–283. BAR international series 2406.;Book section
10;Farello 2012;2012;Farello, P. 2012. La fauna. In: Marini Calvani, M. (Ed). Ventidue secoli a Parma: lo scavo sotto la sede centrale della Cassa di Risparmio in piazza Garibaldi. Oxford, England: Archaeopress, 306–310. BAR international series 2406.;Book section
11;Bedini 1999;1999;Bedini, E. 1999. I reperti faunistici delle fasi urbane medievali. In: Egle, M. (ed). Una città nel Medioevo: archeologia e architettura ad Alba dal VI al XV secolo. Alba: Famija albèisa, 323–335.;Book section
13;Ferro 1999;1999;Ferro, A. M. 1991. La fauna: informazioni sull’alimentazione e sull’economia. In: Negro Ponzi, M. (ed). L’insediamento romano e altomedievale di S. Michele a Trino (Vercelli): notizie preliminari sulle campagne 1984-1990. Firenze: All’insegna del Giglio, 412–415. Archeologia Medievale: cultura, insediamenti e territorio 18.;Book section
14;Bedini 2007;2007;Bedini, E. 2007. Animali domestici e selvatici. In: Egle, M. (ed). Longobardi in Monferrato. Archeologia della ‘Iudiciaria Torrensis’. Casale Monferrato: Museo Civico di Monferrato, 179–184.;Book section
19;Rottoli 2001a;2001;Rottoli, M. 2001a. Materiali archeobiologici. Resti vegetali e frammenti di parete in terra cruda. In: Durante AM (ed) Lavori in corso, Città antica di Luna. Analisi e Restauri. Luna editore, pp 84-89;Book section
20;Barker 1977;1977;Barker, G. 1977. L’economia del bestiame a Luni. In: Frova, A. (ed.). Scavi di Luni: relazione delle campagne di scavo 1972-1973-1974, 2. Roma: Bretschneider Editore, 725–735.;Book section
20;Castelletti 1977;1977;Castelletti, L. 1977. Legni carbonizzati ed altri resti vegetali macroscopici. In: Frova, A. (ed). Scavi di Luni: relazione delle campagne di scavo 1972-1973-1974, 2. Roma: Bretschneider Editore, 736–741.;Book section
23;Castiglioni and Rottoli 2011;2011;Castiglioni, E. and Rottoli, M. 2011. Nogara, l’abitato di Mulino di Sotto. Coltivazione, alimentazione e ambiente nel Medioevo. Risultati preliminari. In: Saggioro, F. (ed). Nogara. Archeologia e storia di un villaggio medievale (scavi 2003-2008). Roma: Bretschneider Editore, 123–157.;Book section
24;Baker 2011;2011;Baker, P. Assessment of animal bones excavated in 2004-2005 at Nogara. In: Saggioro, F. (ed). Nogara. Archeologia e storia di un villaggio medievale (scavi 2003-2008). Roma: Bretschneider Editore,107-122;Book section
28;Castiglioni and Rottoli 2015;2015;Castiglioni, E. and Rottoli, M. 2015. Coltivazioni ed uso del legno in Valtellina dalla protostoria all’età moderna: i dati archeobotanici di Sondrio, Teglio e Bormio. Analisi archeobotaniche: schede. In: Mariotti V (ed) La Valtellina nei secoli: studi e ricerche archeologiche, Vol II: Ricerche e materiali archeologici. SAP, Mantova, pp 909-920;Book section
31;Rottoli 2001b;2001;Rottoli, M. 2001b. Appendice 2. Analisi preliminare dei resti vegetali. In: Medri M (ed) Scavo in due insulae dei Quartieri Nord di Aquileia. Campagne 1995-2000. Rapporto preliminare. Aquileia Nostra 71:345-354;Book section
32;Castiglioni 2007;2007;Castiglioni, E. 2007. Resti botanici dai contesti dell’età del Ferro. In: Ciurletti G (ed) Fra il Garda e le Alpi di Ledro. Monte S. Martino. Il luogo di culto (ricerche e scavi 1969-1979). Provincia Autonoma di Trento, Trento, pp. 195-207;Book section
37;Caramiello et al 2014;2014;Caramiello, R., Fossa, V., Siniscalco, C., Arobba, D. 2014. La ricostruzione paleoambientale ad Augusta Bagiennorum in età romana. In: M.C. Preacco (a cura di) “Augusta Bagienorum. Storia e archeologia di una città augustea”, Soprintendenza per i Beni Archeologici del Piemonte, Ed. Celid, Torino, pp. 11-18.;Book section
38;Castiglioni and Rottoli 1994;1994;Castiglioni E., Rottoli M. 1994. Resti vegetali: carboni, semi e frutti. Ricostruzione dell'ambiente vegetale naturale e coltivato, in Cavada E. (a cura di), Archeologia a Mezzocorona. Documenti per la storia del popolamento rustico di età romana nell'area atesina, pp. 205-231, Mezzocorona, Trento;Book section
41;Ghisleni et al 2011;2011;Ghisleni, M., Vaccaro, E., Bowes, K., Arnoldus, A., MacKinnon, M. and Marani, F. 2011. “EXCAVATING THE ROMAN PEASANT I: EXCAVATIONS AT PIEVINA (GR),” Papers of the British School at Rome, Cambridge University Press, 79, pp. 95–145.;Book section
45;MacKinnon 1999;1999;"MacKinnon, M. 1999. The faunal remains. In: D.S. Soren and N. Soren (eds), A Roman Villa and Late Roman Infant Cemetery. Excavation at Poggio Gramignano (Lugnano in Teverina):
533–94. Rome, ‘L’Erma’ di Bretschneider.";Book section
49;Giovinazzo 1998;1998;Giovinazzo, R., 1998. I reperti faunistici. In: Giannichedda, E., Bellatalla, E. (Eds.), Filattiera-Sorano: L’insediamento Di Età Romana e Tardo Antica: Scavi 1986-1995. All’Insegna del Giglio, Firenze, pp. 196–197.;Book section
50;Buglione and De Venuto 2008;2008;Buglione, A., De Venuto, G., 2008. Indagini archeozoologiche nell’area delle terme di Herdonia. I reperti faunistici di età tardoantica e medievale (Campagne di scavo 1997, 1998, 2000). In: Leone, D., Volpe, G. (Eds.), Ordona XI, Insule Diomedeae. Edipuglia, Bari, pp. 245–343.;Book section
55;Scavone 2013;2013;Scavone, R. 2013. Resti faunistici dall'area del tempio D e del foro di Grumentum. In: Mastrocinque, A. (Ed.). Grumento e il suo territorio nell'antichità. Archaeopress, pp. 71-80;Book section
65;De Grossi Mazzorin and Minniti 2001;2001;De Grossi Mazzorin, J. and Minniti, C. 2001. 'L’allevamento e l’approvvigionamento alimentare di una comunità urbana. L’utilizzazione degli animali a Roma tra il VII e il X secolo'. Roma dall’antichità al Medioevo, pp.69–78.;Book section
67;De Grossi Mazzorin 1989;1989;De Grossi Mazzorin, J. 1989. 'Nota preliminare sulla fauna'. In: Curia, Forum Iulium, Forum Transitorium, Lavori e studi di archeologia pubblicati dalla Soprintendenza archeologica di Roma, pp.340–347.;Book section
68;King 1997;1997;King, A. C., 1997. 'Mammal, reptile and amphibian bones', in T. W. Potter and A. C. King, Excavations at the Mola di Monte Gelato. A Roman and Medieval Settlement in South Etruria, London: British School at Rome Archaeological Monograph 11, pp. 383- 403.;Book section
69;King et al 1985;1985;King, A.C., Rhodes, P.C., Rielley, K. and Thomas, K.D. 1985. ‘I resti animali’, in A. Ricci (ed.) Settefinestre. Una villa schiavistica nell’Etruria romana. La villa e i suoi reperti, II, Modena, pp. 278-306.;Book section
101;De Grossi Mazzorin 2011;2011;De Grossi Mazzorin, J., 2011. L’economia produttiva animale. In: Arthur, P., Museo storico-archeologico (Lecce, Italy) (Eds.), La Storia Nel Pozzo: Ambiente Ed Economia Di Un Villaggio Bizantino in Terra d’Otranto: Supersano 2007, Quaderni Del MUSA. UniSalento Press, Lecce, p. 36.;Book section
102;De Grossi Mazzorin 1996;1996;De Grossi Mazzorin, J., 1996. Resti faunistici. In: Ambrosini, L. (Ed.), Aqua Marcia: Lo Scavo Di Un Tratto Urbano. All’insegna del Giglio, Firenze, pp. 203–214.;Book section
107;Monckton 2002;2002;"Monckton, S.G., 2002. Plant Remains. In: The Excavations of San Giovanni Di Ruoti. University of Toronto Press, pp. 201–216.
";Book section
50;Buglione et al 2015;2015;"Buglione, A., De Venuto, G., Goffredo, R., Volpe, G., 2015. Dal Tavoliere alle Murge. Storie di lane, di grano e di sale in Puglia tra età romana e Medioevo. In: Cambi, F., De Venuto, G., Goffredo, R. (Eds.), Storia e Archeologia Globale. Edipuglia, Santo Spirito (Bari), pp. 185–243.
";Book section
112;Baker 1980;1980;"Baker, P., 1980. The vertebrate remains from the Longobard and 9th-10th c. occupations at S. Giulia, Brescia. In: Brogiolo, G.P. (Ed.), S. Giulia Di Brescia. Gli Scavi Dal 1980 al 1992: Reperti Preromani, Romani e Alto Medievali. Firenze, pp. 425–449.
";Book section
114;Moreno García 2017;2017;"Moreno García, M., 2017. Mammal and bird remains from excavations at the baptistery of Padua. In: Chavarría Arnau (Ed.), Ricerche Sul Centro Episcopale Di Padova: Scavi 2011-2012. Quingentole, pp. 93–122.
";Book section
115;Rinaldi et al 2011;2011;Rinaldi, R., Bandini Mazzanti, M., Bosi, G., 2011. I semi/frutti tra l’età del ferro e il periodo tardoantico. In: Labate, D., Locatelli, D. (Eds.), L’insediamento Etrusco e Romano Di Baggiovara (MO). Le Indagini Archeologiche e Archeometriche. All’Insegna del Giglio, Firenze, pp. 103–108.;Book section
115;Catagnano 2011;2011;Catagnano, V., 2011. Studio preliminare sui resti faunistici. In: Labate, D., Locatelli, D. (Eds.), L’insediamento Etrusco e Romano Di Baggiovara (MO). Le Indagini Archeologiche e Archeometriche. All’Insegna del Giglio, Firenze, pp. 109–116.;Book section
123;Castiglioni and Rottoli 2016a;2016;Castiglioni, E., Rottoli, M., 2016. I resti botanici dalla necropoli e da altri contesti. In: Fortunati, M., Keller, R.P. (Eds.), Dal Serio al Cherio: Richerche Archeologiche Lungo Il Canale Di Irrigazione Del Consorzio Di Bonifica Della Media Pianura Bergamasca: 2005-2009. Saci Arkeo, Bergamo, pp. 153–164.;Book section
124;Castiglioni and Rottoli 2016b;2016;"Castiglioni, E., Rottoli, M., 2016b. I resti botanici. In: Fortunati, M., Keller, R.P. (Eds.), Dal Serio al Cherio: Richerche Archeologiche Lungo Il Canale Di Irrigazione Del Consorzio Di Bonifica Della Media Pianura Bergamasca: 2005-2009. Saci Arkeo, Bergamo, pp. 189–194.
";Book section
125;Marchesini et al 2008;2008;Marchesini, M., Marvelli, S., Forlani, L., 2008. I manufatti lignei ei reperti carpologici del Pozzo Casini. In: Burgio, R., Campagnari, S. (Eds.), Il Museo Civico “Arsenio Crespellani” Nella Rocca Dei Bentivoglio Di Bazzano. Museo Civico “Arsenio Crespellani,” Valsamoggia, pp. 195–202.;Book section
128;Tecchiati 2010;2010;Tecchiati, U., 2010. Osservazioni sui resti faunistici tardoantichi e primo-medioevali provenienti dal Castrum di Lamprecht. In: Prima Dei Castelli Medievali: Materiali e Luoghi Nella Regione Atesina. Edizioni Osiride, pp. 131–143.;Book section
130;Negri and Tecchiati 2018;2018;Negri, P., Tecchiati, U., 2018. Le evidenze botaniche nella necropoli di età romana di San Lorenzo di Sebato-Pichlwiese: integrazioni carpologiche. In: Dal Ri, L., Tecchiati, U. (Eds.), San Lorenzo. Pichlwiese. Una Necropoli Di Età Romana in Val Pusteria. Athesia, Bolzano, pp. 579–592.;Book section
130;Tecchiati 2018;2018;"Tecchiati, U., 2018. La fauna della tomba 52 (IV sec. d. C.) di San Lorenzo di Sebato-Pichlwiese. Il cenotafio di un seguace del dio Mitra? In: Dal Ri, L., Tecchiati, U. (Eds.), San Lorenzo. Pichlwiese. Una Necropoli Di Età Romana in Val Pusteria. Athesia, Bolzano, pp. 545–563.
";Book section
133;Riedel and Tecchiati 2002;2002;Riedel, A., Tecchiati, U., 2002. I resti faunistici della mansio romana di Endidae sulla Via Claudia Augusta (Egna, Prov. di Bolzano). In: Dal Ri, L., Di Stefano, S. (Eds.), Archeologia Romana in Alto Adige Studi e Contributi. Folio, pp. 318–337.;Book section
134;Marconi 2006;2006;Marconi, S., 2006. I resti faunistici di epoca romana rinvenuti nel corso delle campagne di scavo a San Candido-Cantiere Böden (Bz). In: Tecchiati, U., Sala, B. (Eds.), Archaeozoological Studies in Honour of Alfredo Riedel. Bolzano. Ripartizione Beni Culturali, Ufficio Beni Archeologic, Bolzano, pp. 217–230.;Book section
137;Petrucci 2007a;2007;Petrucci, G., 2007. Analisi dei resti faunistici. In: Morselli, C. (Ed.), Trieste Antica. Lo Scavo Di via Crosada. Edizioni Quasar, Trieste, pp. 511–559.;Book section
140;Petrucci 2017;2017;"Petrucci, G., 2017. Allevatori e cacciatori nel castelliere di Elleri: i dati dell’archeozoologia. In: Maggi, P., Pieri, F., Ventura, P. (Eds.), Monte Castellier. Le Pietre Di Elleri Narrano La Storia. EUT Edizioni Università di Trieste, Trieste, pp. 283–325.
";Book section
49;Rottoli and Negri 1998;1998;Rottoli, M., Negri, S., 1998. I resti vegetali carbonizzati. In: Giannichedda, E. (Ed.), Filattiera-Sorano: L’insediamento Di Età Romana e Tardo Antica Scavi. All’Insegna del Giglio, Firenze, pp. 198–212.;Book section
147;Busana et al 2012;2012;Busana, M.S., Bon, M., Cerato, I., Garavello, S., Ghiotto, A.R., Migliavacca, M., Nardi, S., Pizzeghello, D., Zampieri, S., 2012. Agricoltura e allevamento nell’agro orientale di Altinum: il caso di Ca’ Tron. In: Busana, M.S., Basso, P. (Eds.), . Padova University Press, Padova, pp. 127–169.;Book section
149;Alhaique and Cerilli 2004;2004;Alhaique, F., Cerilli, E., 2004. Analisi osteologiche. In: Pettenò, E. (Ed.), Nelle Campagne Della Rosa. Dieci Anni Di Ricerche Archeologiche a Rosà, I Quaderni. Editrice Artistica Bassano, Bassano del Grappa (VI), pp. 124–126.;Book section
150;Sorrentino 2006;2006;Sorrentino, C., 2006. Il materiale osteologico animale degli scavi di Ficarolo-Gaiba (RO). In: Tecchiati, U., Sala, B. (Eds.), Archaeozoological Studies in Honour of Alfredo Riedel. Abteilung Denkmalpflege Amt für Bodendenkmäler, Ripartizione Beni Culturali Ufficio Beni Archeologici, Bolzano, pp. 243–252.;Book section
151;Riedel and Tecchiati 2011;2011;Riedel, A., Tecchiati, U., 2011. La fauna della villa di Isera. Allevamento e risorse ambientali in un contesto rustico di I secolo. In: de Vos, M., Maurina, B. (Eds.), La Villa Romana Di Isera. Ricerche e Scavi (1973-2004). Fondazione Museo Civico di Rovereto, Rovereto, pp. 329–336.;Book section
154;Labate et al 1988;1988;"Labate, D., Malnati, L., Macchioro, S., De Grossi Mazzorin, J., Bandini Mazzanti, M.B., Taroni, I., 1988. Il sondaggio stratigrafico nella sede centrale della Cassa di Risparmio di Modena (1985-1986): lo scavo. In: Modena Dalle Origini All’anno Mille. Studi Di Archeologia e Storia, 1. Panini, Modena, pp. 423–462.
";Book section
155;Farello 1988;1988;Farello, P., 1988. Spilamberto (Mo), località Castelletto: un edificio rustic di età romana nella media valle del Panaro. I reperti faunistici. In: Modena Dalle Origini All’anno Mille. Studi Di Archeologia e Storia, 1. Modena, pp. 529–533.;Book section
176;MacKinnon 1999;1999;"MacKinnon, M., 1999. Animal bones. In: Soren, D., Soren, N. (Eds.), A Roman Villa and a Late Roman Infant Cemetery: Excavation at Poggio Gramignano, Lugnano in Teverina. L’ERMA di BRETSCHNEIDER, Roma, pp. 595–614.
";Book section
177;Carannante et al 2007;2007;"Carannante, A., Chilardi, S., Fiorentino, G., Guglielmi, R., Lange, M., Marazzi, F., Pecci, A., Salamida, P., Solinas, F., 2007. I reperti delle cucine monastiche di di San Vincenzo al Volturno. In: Marazzi, Federico, Gobbi, A. (Eds.), Il Lavoro Nella Regola–l’approvvigionamento Alimentare e Il Cantiere Edile Di San Vincenzo al Volturno Tra IX e XI Secolo, Quaderni Della Ricerca Scientifica-Serie Beni Culturali. Suor Orsola Benincasa, Napoli, pp. 35–76.
";Book section
177;De Falco et al 2015;2015;"De Falco, D.J., Pugliese, A., Soriga, E., 2015. Il consumo alimentare di Avifauna presso l’abbazia altomedievale di San Vincenzo al Volturno (IS). Risultati preliminari. In: Marazzi, F., Luciano, A. (Eds.), Iuxta Flumen Vulturnum: Gli Scavi Lungo Il Fronte Fluviale Di San Vincenzo al Volturno, Studi Vulturnensi. Cerro al Volturno, Volturno, pp. 231–244.
";Book section
177;Gill 2011;2011;"Clark, G., 2011. “All must refrain from eating the flesh of quadrupeds”: the mammal bones from the workshops area by San Vincenzo Maggiore. In: Hodges, R., Leppard, S., Mitchell, J. (Eds.), San Vincenzo Maggiore and Its Workshops, Archaeological Monographs of the British School at Rome (17). British School at Rome, London, pp. 335–391.
";Book section
180;Giorgetti and Campodoni 1985;1985;"Giorgetti, A., Campodoni, G., 1985. La documentazione archeozoologica. In: Rauty, N. (Ed.), Antico Palazzo de Vescovi a Pistoia. Olschki, Verona, pp. 545–558.
";Book section
181;Bedini 2002;2002;"Bedini, E., 2002. I reperti faunistici. In: Alföldy, G. (Ed.), Rota Colisei: la valle del Colosseo attraverso i secoli, Soprintendenza archeologica di Roma. Electa, Roma, pp. 405–465.
";Book section
183;De Grossi Mazzorin and Minniti 2009;2009;De Grossi Mazzorin, J., Minniti, C., 2009. L’utilizzazione degli animali nella documentazione archeozoologica a Roma e nel Lazio dalla preistoria recente all’età classica. In: Troccoli, L.D. (Ed.), Il Lazio dai Colli Albani ai Monti Lepini tra preistoria ed età moderna. Edizioni Quasar, Roma, pp. 39–68.;Book section
188;Tagliacozzo 1993;1993;"Tagliacozzo, A., 1993. I reperti faunistici. In: Pavolini, C. (Ed.), Caput Africae I: Indagini Archeologiche a Piazza Celimontana (1984-1988). Istituto Poligrafico e Zecca dello Stato, Roma, pp. 252–278.
";Book section
191;Castiglioni and Rottoli 2015;2015;"Castiglioni, E., Rottoli, M., 2015. Coltivazioni ed uso del legno in Valtellina dalla protostoria all’età moderna: i dati archeobotanici di Sondrio, Teglio e Bormio. Analisi archeobotaniche: schede. In: Mariotti, V. (Ed.), La Valtellina Nei Secoli: Studi e Ricerche Archeologiche. All’Insegna del Giglio, Firenze, pp. 909–920.
";Book section
191;Di Martino and Andreatta 2015;2015;"Di Martino, S., Andreatta, P., 2015. Analisi archeozoologiche sui resti faunistici degli scavi valtellinesi. In: Mariotti, V., Della Misericordia, M. (Eds.), La Valtellina nei secoli: studi e ricerche archeologiche, Studi e ricerche di archeologia. SAP, Mantova, pp. 937–949.
";Book section
193;De Venuto 2010;2010;De Venuto, G., 2010. To eat and to be in medieval Southern Italy: the zooarchaeological contribution from religious, rural and fortified sites. In: Pluskowski, A., Kucera, M. (Eds.), Bestial Mirrors. Using Animals to Construct Human Identities in Medieval Europe. Universität Wien, Wien, pp. 55–61.;Book section
195;Susanna 2013;2013;"Susanna, F., 2013. Studio archeobotanico di macroresti provenienti dal sito di Santa Severa. Primi risultati. In: Enei, F. (Ed.), Santa Severa Tra Leggenda e Realtà Storica: Pyrgi e Il Castello Di Santa Severa Alla Luce Delle Recenti Scoperte (Scavi 2003-2009). Ceccarelli Editrice Srl, Viterbo, pp. 234–236.
";Book section
137;Petrucci 2007;2007;"Petrucci, G., 2007. Analisi dei resti faunistici. In: Morselli, C. (Ed.), Trieste Antica. Lo Scavo Di via Crosada, Fonti e Studi per La Storia Della Venezia Giulia. Editreg, Trieste, pp. 511–559.
";Book section
198;Fiorentino et al 2022;2022;"Fiorentino, G., D’Aquino, S., Della Penna, V., 2022. Dalla laguna all’entroterra: il contributo dell’archeobotanica alla ricostruzione dei paesaggi e dei sistemi agricoli a Salapia tra Tardo Antico e Alto Medioevo. In: De Venuto, G., Goffredo, R., Totten, D.M. (Eds.), Salapia-Salpi 1: scavi e ricerche, 2013-2016, Insulae Diomedeae. Edipuglia, Bari, pp. 573–588.
";Book section
203;Castelletti 1987;1987;"Castelletti, L., 1987. I resti vegetali e alimentari. In: Passi Pitcher, L. (Ed.), Sub Ascia: Una Necropoli Romana a Nave. Panini, Modena, pp. 107–113.
";Book section
204;Sorrentino et al 2004;2004;"Sorrentino, C., Scalera, E., Cesaretti, P., Pisani, S., Perrotta, C., 2004. Il materiale osteologico animale degli scavi nel castello di Gorfigliano (Minucciano-Lucca). In: Castillo, J.A. (Ed.), Archeologia e Storia Di Un Castello Apuano: Gorfigliano Dal Medioevo All’età Moderna. All’Insegna del Giglio, Firenze, pp. 151–5.
";Book section
205;Wilkens 2001;2001;"Wilkens, B., 2001. I reperti faunistici. In: Pignocchi, G. (Ed.), Monte Torto Di Osimo. L’impianto Produttivo. Ministero per i beni e le attività culturali Soprintendenza archeologica per le Marche, Falconara, pp. 193–203.
";Book section
206;Sorrentino 2000;2000;"Sorrentino, C., 2000. Il materiale osteologico animale. In: Bruni, S., Abela, E., Berti, G. (Eds.), Ricerche Di Archeologia Medievale a Pisa, 1: Piazza Dei Cavalieri, La Campagna Di Scavo 1993, Biblioteca Di Archeologia Medievale. All’Insegna del Giglio, Firenze, pp. 245–250.
";Book section
207;Stork and Von Den Driesch 1987;1987;"Stork, M., Von Den Driesch, A., 1987. Tierknochenfunde aus Invillino-Ibligo in Friaul/Italien (Römerzeitliche Siedlung und Spätantik-frühmittelalterliches Castrum). In: Invillino-Ibligo in Friaul: Die Romische Siedlung Und Das Spatantik-Fruhmittelalterliche Castrum. Beck, München, pp. 453–84.
";Book section
38;Riedel and Rizzi 1994;1994;Riedel, A., Rizzi, J., 1994. Resti faunistici domestici e selvatici: produzione e consumo. In: Cavada, E., Avanzini, M., Trentino (Eds.), Archeologia a Mezzocorona: documenti per la storia del popolamento rustico di etá romana nell’area atesina, Patrimonio storico e artistico del Trentino. Trento, pp. 233–246.;Book section
208;Ansaloni et al 2013;2013;"Ansaloni, I., Caselli, V., Pederzoli, A., 2013. I reperti faunistici. In: Guarnieri, C. (Ed.), Vivere a Forum Livi: lo scavo di via Curte a Forlì [mostra, Palazzo del Monte di pietà, Forlì, 9 novembre 2013- 12 gennaio 2014], DEA. Ante quem, Bologna, pp. 243–254.
";Book section
209;MacKinnon 2011;2011;MacKinnon, M., 2011. The Faunal Remains. In: Small, A., Abdy, R.A. (Eds.), Vagnari: il villaggio, l’artigianato, la proprietà imperiale, Insulae Diomedeae. Edipuglia, Bari, pp. 305–328.;Book section
210;Cartledge et al 1992;1992;"Cartledge, J., Clark, G., Higgins, V., 1992. The animal bones: a preliminary assessment of stock economy. In: Michaēlidēs, D., British School at Rome, Università degli studi di Lecce (Eds.), Excavations at Otranto, Collana Del Dipartimento / Università Di Lecce, Dipartimento Di Scienze Dell’antichità, Settore Storico-Archeologico. Dipartimento di scienze dell’antichità, Università degli studi; Congedo editore, Lecce: Galatina, pp. 316–336.";Book section
210;Sutherland 1992;1992;"Sutherland, S., 1992. The avifauna. In: Michaēlidēs, D., British School at Rome, Università degli studi di Lecce (Eds.), Excavations at Otranto, Collana Del Dipartimento / Università Di Lecce, Dipartimento Di Scienze Dell’antichità, Settore Storico-Archeologico. Dipartimento di scienze dell’antichità, Università degli studi ; Congedo editore, Lecce : Galatina, pp. 337–346.
";Book section
210;Reese 1992;1992;"Reese, D.S., 1992. The marine and fresh-water shells. In: Michaēlidēs, D., British School at Rome, Università degli studi di Lecce (Eds.), Excavations at Otranto, Collana Del Dipartimento / Università Di Lecce, Dipartimento Di Scienze Dell’antichità, Settore Storico-Archeologico. Dipartimento di scienze dell’antichità, Università degli studi ; Congedo editore, Lecce : Galatina, pp. 347–352.
";Book section
214;Corbino 2007;2007;Corbino, A.C., 2007. Resti osteologici animali: problemi e prospettive di un contesto urbano. In: Cantini, F., Francovich, R., Cianferoni, C., Scampoli, E. (Eds.), Firenze Prima Degli Uffizi. Lo Scavo Di via de’ Castellani. Contributi per Un’archeologia Urbana Fra Tardo Antico Ed Età Moderna. All’Insegna del Giglio, Firenze, pp. 646–661.;Book section
215;Salvadori 2008;2008;"Salvadori, F., 2008. Analisi archeozoologiche. In: Valenti, M. (Ed.), Miranduolo in Alta Val Di Merse (Chiusdino, Si): Archeologia Su Un Sito Di Potere Del Medioevo Toscano, Biblioteca Del Dipartimento Di Archeologia e Storia Delle Arti, Sezione Archeologica, Università Di Siena. All’insegna del giglio, Borgo San Lorenzo (Firenze), pp. 348–369.
";Book section
215;di Pasquale et al 2008;2008;"di Pasquale, G., Di Falco, G., Moser, D., 2008. Analisi archeobotaniche. In: Valenti, M. (Ed.), Miranduolo in Alta Val Di Merse (Chiusdino, Si): Archeologia Su Un Sito Di Potere Del Medioevo Toscano, Biblioteca Del Dipartimento Di Archeologia e Storia Delle Arti, Sezione Archeologica, Università Di Siena. All’insegna del giglio, Borgo San Lorenzo (Firenze), pp. 323–347.
";Book section
216;Pederzoli et al 2017;2017;"Pederzoli, A., Sala, L., Mola, L., Ansaloni, I., 2017. Archeozoologia di Mutina: due siti nelle odierne via Uccelliera e via Leonardo da Vinci. In: Malnati, L., Pellegrini, S., Piccinini, F., Stefani, C. (Eds.), Mutina Splendidissima. La Città Romana e La Sua Eredità. De Luca Editori d’Arte, Roma, pp. 259–260.
";Book section
218;Castiglioni 2005;2005;Castiglioni, E., 2005. I macroresti botanici dall’abitato di Casazza (BG). In: Milani, C., Capri, F. (Eds.), Ricerche e studi 1998-2000: Laboratorio di Archeobiologia, Archeologia dell’Italia settentrionale, 9. Musei Civici, Como, pp. 103–113.;Book section
60;MacKinnon 2020a;2020;"MacKinnon, M., 2020. Case Nuove: Faunal Materials. In: Bowes, K. (Ed.), The Roman Peasant Project 2009-2014: Excavating the Roman Rural Poor. University of Pennsylvania, Museum of Archaeology and Anthropology, Philadelphia, pp. 107–162.
";Book section
60;Mercuri et al 2020a;2020;"Mercuri, A.M., Rattighieri, E., Rinaldi, R., 2020. Case Nuove: Botanical Materials. In: Bowes, K. (Ed.), The Roman Peasant Project 2009-2014: Excavating the Roman Rural Poor. University of Pennsylvania, Museum of Archaeology and Anthropology, Philadelphia, pp. 107–162.
";Book section
220;MacKinnon 2020b;2020;"MacKinnon, M., 2020. Marzuolo: Faunal Materials. In: Bowes, K. (Ed.), The Roman Peasant Project 2009-2014: Excavating the Roman Rural Poor. University of Pennsylvania, Museum of Archaeology and Anthropology, Philadelphia, pp. 304–314.
";Book section
220;Mercuri et al 2020b;2020;Mercuri, A.M., Rattighieri, E., Rinaldi, R., 2020. Marzuolo: Botanical Materials. In: Bowes, K. (Ed.), The Roman Peasant Project 2009-2014: Excavating the Roman Rural Poor. University of Pennsylvania, Museum of Archaeology and Anthropology, Philadelphia, pp. 317–336.;Book section
221;MacKinnon 2020c;2020;"MacKinnon, M., 2020. Tombarelle: Faunal Materials. In: Bowes, K. (Ed.), The Roman Peasant Project 2009-2014: Excavating the Roman Rural Poor. University of Pennsylvania, Museum of Archaeology and Anthropology, Philadelphia, pp. 411–417.
";Book section
221;Mercuri et al 2020c;2020;"Mercuri, A.M., Rattighieri, E., Rinaldi, R., 2020. Tombarelle: Botanical Materials. In: Bowes, K. (Ed.), The Roman Peasant Project 2009-2014: Excavating the Roman Rural Poor. University of Pennsylvania, Museum of Archaeology and Anthropology, Philadelphia, pp. 420–427.
";Book section
223;Prilloff 2013;2013;Prilloff, R.-J., 2013. Archäozoologische Analyse der Haus-und Wildtierreste von einem ländlichen Siedlungsplatz bei San Gimigniano. In: Schörner, G. (Ed.), Leben Auf Dem Lande. Phoibos, Vienna, pp. 91–129.;Book section
223;Rowan 2017;2017;"Rowan, E., 2017. Bioarchaeological preservation and non-elite diet in the Bay of Naples: An analysis of the food remains from the Cardo V sewer at the Roman site of Herculaneum. Environmental Archaeology 22, 318–336.
";Book section
225;Castiglioni and Rottoli 2018;2018;"Castiglioni, E., Rottoli, M., 2018. Materiali botanici. In: Arslan Pitcher, L. (Ed.), Amoenissimis... aedificiis: gli scavi di piazza Marconi a Cremona, Studi e ricerche di archeologia. SAP, Società archeologica, Quingentole (Mantova), pp. 495–502.
";Book section
232;Castiglioni et al 2014;2014;Castiglioni, E., Rottoli, M., Casanova, F., 2014. I resti paleobotanici. In: Possenti, E. (Ed.), San Rocco a Ceneda (Vittorio Veneto). Indagini Archeologiche 2003-2006. Editreg, Trieste, pp. 247–265.;Book section
233;Salvadori 2003;2003;"Salvadori, F., 2003. I reperti osteologici animali. In: Bianchi, G. (Ed.), Campiglia: Un Castello e Il Suo Territorio, Biblioteca Del Dipartimento Di Archeologia e Storia Delle Arti, Sezione Archeologica, Università Di Siena. All’insegna del giglio, Firenze, pp. 477–511.
";Book section
234;Hodges et al 2006;2006;"Hodges, R., Clark, G., Coccia, S., Patterson, H., 2006. Excavations at Colle Castellano. In: Bowes, K.D., Francis, K., Hodges, R., British School at Rome (Eds.), Between Text and Territory: Survey and Excavations in the Terra of San Vincenzo al Volturno, Archaeological Monographs of the British School at Rome. British School at Rome, London, pp. 187–223.
";Book section
236;Tecchiati 2006;2006;Tecchiati, U., 2006. La fauna della casa del II-I sec. aC di San Giorgio di Valpolicella, Via Conca d’Oro (VR). In: Tecchiati, U., Sala, B. (Eds.), Studi Di Archeozoologia in Onore Di Alfredo Riedel. Ripartizione Beni Culturali, Ufficio Beni Archeologici, Bolzano, pp. 181–216.;Book section
237;Leguilloux 2014;2014;Leguilloux, M., 2014. Chapitre 4. Le matériel archéozoologique: alimentation et économie pastorale. In: Brun, J.-P., Leguilloux, M. (Eds.), Les installations artisanales romaines de Saepinum: tannerie et moulin hydraulique. Publications du Centre Jean Bérard, Napoli, pp. 93–123.;Book section
241;Leguilloux 2000;2000;Leguilloux, M., 2000. Le matériel ostéologique d’Ordona. Campagnes de fouilles 1994-1995: premières conclusions. In: Volpe, G. (Ed.), Ordona X. Ricerche Archeologiche a Herdonia (1993-1998), Ordona. Edipuglia, Bari, pp. 477–496.;Book section
241;Oronzo 2000;2000;"Oronzo, S., 2000. Resti faunistici dal riempimento della cisterna della domus B. In: Volpe, G. (Ed.), Ordona X. Ricerche Archeologiche a Herdonia (1993-1998), Ordona. Edipuglia, Bari, pp. 497–504.
";Book section
242;Trentacoste 2022;2022;"Trentacoste, A., 2022. Animal remains from Vagnari: Bones and shells. In: The Making of a Roman Imperial Estate: Archaeology in the Vicus at Vagnari, Puglia. Archaeopress Publishing Ltd, Oxford, pp. 174–187.
";Book section
242;Stirn and Sgouros 2022;2022;Stirn, M., Sgouros, R., 2022. The botanical remains. In: The Making of a Roman Imperial Estate: Archaeology in the Vicus at Vagnari, Puglia. Archaeopress Publishing Ltd, Oxford, pp. 188–205.;Book section
244;Watson 1992;1992;Watson, J., 1992. The mammals. In: Gravina, An Iron Age and Roman Republican Settlement on Botromagno, Gravina in Puglia. Excavations of 1965-1974. Vol I. The Site. British School at Rome, London, pp. 92–120.;Book section
249;Holt 2016;2016;"Holt, E., 2016. Faunal remains. In: Fentress, E.W.B., Goodson, C., Maiuro, M. (Eds.), Villa Magna: An Imperial Estate and Its Legacies Excavations 2006-10, Archaeological Monographs of the British School at Rome. The British school at Rome, London (GB), pp. 253–254.
";Book section
250;De Grossi Mazzorin and De Venuto 2015;2015;De Grossi Mazzorin, J., De Venuto, G., 2015. L’economia produttiva animale: risultati delle analisi archeozoologiche nel Villaggio Medievale di Apigliano (Martano, LE). In: Arthur, P., Leo Imperial, M., Tinelli, M. (Eds.), Apigliano. Un Villaggio Bizantino e Medievale in Terra d’Otranto. I Reperti. Editrice Salentina, Galatina, pp. 23–28.;Book section
250;Grasso and Fiorentino 2009;2009;"Grasso, A.M., Fiorentino, G., 2009. L’ambiente vegetale: risultati delle nuove analisi archeobotaniche. In: Arthur, P., Bruno, B. (Eds.), Apigliano. Un Villaggio Bizantino e Medievale in Terra d’Otranto. L’ambiente, Il Villaggio, La Popolazione. Arti Grafiche Panico, Galatina, pp. 53–56.
";Book section
252;Goodson 2021;2021;"Goodson, C., 2021. Cultivating the City in Early Medieval Italy. Cambridge University Press, Cambridge.
";Book section
253;Bosi et al 2014;2014;"Bosi, G., Marchesini, M., Marvelli, S., Bandini Mazzanti, M., 2014. L’alimentazione e l’ambiente vegetale ricostruiti attraverso le analisi carpologiche. In: Gelichi, S., Librenti, M., Marchesini, M., Accorsi, C.A. (Eds.), Un villaggio nella pianura: ricerche archeologiche in un insediamento medievale del territorio di Sant’Agata Bolognese, Quaderni di archeologia dell’Emilia Romagna. All’Insegna del Giglio, Firenze, pp. 308–323.
";Book section
253;Seetah and Pluskowski 2014;2014;Seetah, K., Pluskowski, A., 2014. The animal bones. In: Gelichi, S., Librenti, M., Marchesini, M., Accorsi, C.A. (Eds.), Un villaggio nella pianura: ricerche archeologiche in un insediamento medievale del territorio di Sant’Agata Bolognese, Quaderni di archeologia dell’Emilia Romagna. All’Insegna del Giglio, Firenze, pp. 343–350.;Book section
255;King 1997;1997;"King, A.C., 1997. Mammal, reptile and amphibian bones. In: Excavations at the Mola Di Monte Gelato: A Roman and Medieval Settlement in South Etruria, Archaeological Monograph of the British School at Rome. London, pp. 383–403.
";Book section
256;King 1994;1997;"King, A.C., 1994. Mammiferi. In: Complesso Archeologico Di Carminiello Ai Mannesi, Napoli (Scavi 1983–1984). Congedo Galatina, Galatina, pp. 367–406.
";Book section
261;De Grossi Mazzorin 2020;2020;De Grossi Mazzorin, J., 2020. L’archeozoologia dei contesti religiosi della tarda antichità e dell’alto medioevo. In: Instrumentum Domesticum – Archeologia Cristiana. Metodologia e Cultura Materiale Della Tarda Antichità e Dell’alto Medioevo, 29, I. Pontificio Istituto di Archeologia Cristiana, Città del Vaticano, pp. 635–654.;Book section
13;Ferro 1999;1999;"Ferro, A.M., 1999. La fauna. In: Negro Ponzi Mancini, M.M. (Ed.), San Michele Di Trino (VC): Dal Villaggio Romano al Castello Medievale, Ricerche Di Archeologia Altomedievale e Medievale. All’Insegna del Giglio, Firenze, pp. 631–645.
";Book section
13;Nisbet 1999;1999;"Nisbet, R., 1999. I macroresti vegetali. In: Negro Ponzi Mancini, M.M. (Ed.), San Michele Di Trino (VC): Dal Villaggio Romano al Castello Medievale, Ricerche Di Archeologia Altomedievale e Medievale. All’Insegna del Giglio, Firenze, pp. 621–630.
";Book section
200;De Venuto and Pizzarelli 2022;2022;"De Venuto, G., Pizzarelli, A., 2022. I reperti archeozoologici dell’isolato XII. In: De Venuto, G., Goffredo, R., Totten, D.M. (Eds.), Salapia-Salpi 1: scavi e ricerche, 2013-2016, Insulae Diomedeae. Edipuglia, Bari, pp. 561–572.
";Book section
262;Minniti 2014;2014;"Minniti, C., 2014. I resti ossei dalla cisterna a tholos. I resti ossei animali dai livelli augustei della taberna X. In: Delfino, A. (Ed.), Forum Iulium: L’area Del Foro Di Cesare Alla Luce Delle Campagne Di Scavo 2005-2008, Le Fasi Arcaica, Repubblicana e Cesariano-Augustea, Bar International Series. Archaeopress, Oxford, England, pp. 207–210.
";Book section
265;Minniti 2022;2022;"Minniti, C., 2022. I resti animali dal deposito votivo (strato us 1161) del Tullianum. In: Russo, A., Fortini, P. (Eds.), Carcer-Tullianum. Il Carcere Mamertino al Foro, Bibliotheca Archaeologica. L’Erma di Bretschneider, Roma, pp. 99–103.
";Book section
274;Primavera et al 2011;2011;"Primavera, M., Fiorentino, G., Colaianni, G., 2011. Il combustibile delle attività metallurgiche nelle forge di Lecce tardo-antica: caratteristiche della vegetazione e sfruttamento dell’ambiente. In: Giardino, C. (Ed.), Archeometallurgia: Dalla Conoscenza Alla Fruizione: Atti Del Workshop, 22-25 Maggio 2006, Cavallino (LE), Convento Dei Domenicani, Beni Archeologici-Conoscenza e Tecnologie. Edipuglia, Bari, pp. 321–331.
";Book section
277;Coleman Carter 2012;2012;"Coleman Carter, J., 2012. The Archaeozoological Data. In: The Chora of Metaponto 4. University of Texas Press, pp. 191–193.
";Book section
278;Costantini and Costantini Biasini 2018;2018;"Costantini, L., Costantini Biasini, L., 2018. Archaeobotanical Investigations at Pantanello. In: The Chora of Metaponto 7. University of Texas Press, pp. 371–428.
";Book section
279;Riedel 1984;1984;"Riedel, A., 1984. The fauna of the excavation of Pozzuolo del Friuli (1980–1983). In: Atti Dei Civici Musei Di Storia Ed Arte Di Trieste. Civici Musei di Storia e Arte, Trieste, pp. 215–276.
";Book section
1;Baker and Di Martino 1996;1996;"Baker, P., Di Martino, S., 1996. I reperti faunistici. In: Passi Pitcher, L. (Ed.), Bedriacum: Ricerche Archeologiche a Calvatone. 2: Il Campo Del Generale: I Materiali Del Saggio 6. Edizioni ET, Milano, pp. 29–47.
";Book section
280;Riedel 1994;1994;"Riedel, A., 1994. Roman animal bones from the area near the Forum of Aquileia. In: Verzar-Bass, M. (Ed.), Scavi Ad Aquileia I. L’area a Est Del Foro. Rapporto Degli Scavi 1989-91, Studi e Richerche Sulla Gallina Cisalpina. Quasar, Roma, pp. 583–591.
";Book section
282;Riedel 1979;1979;"Riedel, A., 1979. The fauna of the Torcello excavations (1961-1962). In: Atti Del Museo Civico Di Storia Naturale, Atti Del Museo Civico Di Storia Naturale. Museo Civico di Storia Naturale di Trieste, Trieste, pp. 75–154.
";Book section
283;Di Martino et al 2017;2017;"Di Martino, S., Dondolin, P., Andreatta, P., 2017. Resti faunistici. In: Maggi, P., Maselli Scotti, F., Pesavento Mattioli, S., Zulini, E. (Eds.), Materiali per Aquileia: Lo Scavo Di Canale Anfora (2004-2005), Scavi Di Aquileia. Editreg, Trieste, pp. 53–60.
";Book section
283;Rottoli 2017;2017;"Rottoli, M., 2017. L’ambiente e l’agricoltura ad Aquileia: le indicazioni fornite dai resti macrobotanici dello scavo. In: Maggi, P., Maselli Scotti, F., Pesavento Mattioli, S., Zulini, E. (Eds.), Materiali per Aquileia: Lo Scavo Di Canale Anfora (2004-2005), Scavi Di Aquileia. Editreg, Trieste, pp. 53–60.
";Book section
1;Rottoli 1996;1996;"Rottoli, M., 1996. I resti vegetali. In: Lynn, P.P. (Ed.), Bedriacum Ricerche Archeologiche a Calvatone. ET, Milano, pp. 49–53.
";Book section
231;Di Martino and Andreatta 2018;2018;"Di Martino, S., Andreatta, P., 2018. Analisi archeozoologica. In: Arslan Pitcher, L. (Ed.), Amoenissimis... aedificiis: gli scavi di piazza Marconi a Cremona, Studi e ricerche di archeologia. SAP, Società archeologica, Quingentole (Mantova), pp. 503–507.
";Book section
249;Veal 2016;2016;"Veal, R., 2016. The Environment of Villamagna through time. In: Fentress, E.W.B., Goodson, C., Maiuro, M. (Eds.), Villa Magna: An Imperial Estate and Its Legacies Excavations 2006-10, Archaeological Monographs of the British School at Rome. The British school at Rome, London (GB), pp. 50–57.
";Book section
249;Holt 2016b;2016;Holt, E., 2016. The faunal remains from the Medieval village. In: Fentress, E.W.B., Goodson, C., Maiuro, M. (Eds.), Villa Magna: An Imperial Estate and Its Legacies Excavations 2006-10, Archaeological Monographs of the British School at Rome. The British school at Rome, London (GB), pp. 328–335.;Book section
249;Holt 2016d;2016;Holt, E., 2016. The faunal remains. In: Fentress, E.W.B., Goodson, C., Maiuro, M. (Eds.), Villa Magna: An Imperial Estate and Its Legacies Excavations 2006-10, Archaeological Monographs of the British School at Rome. The British school at Rome, London (GB), pp. 180–183.;Book section
285;Castiglioni 2009;2009;Castiglioni, E., 2009. I resti botanici dall’abitato altomedievale di San Bartolomeo. In: Brogiolo, G.P., Mariotti, V. (Eds.), San Martino Di Serravalle e San Bartolomeo de Castelàz. Due Chiese Di Valtellina: Scavi e Ricerche. Silvana Editoriale spa, Milano, pp. 93–105.;Book section
69;Jones 1985;1985;"Jones, M.K., 1985. Resti vegetali. In: Ricci, A. (Ed.), Settefinestre. Una Villa Schiavistica Nell’Etruria Romana. La Villa e i Suoi Reperti, II. Modena, pp. 306–310.
";Book section
287;Villari 2001;2001;Villari, P., 2001. Reperti faunistici. In: Varaldo, C. (Ed.), Archeologia Urbana a Savona: Scavi e Ricerche Nel Complesso Monumentale Del Priamar. II.2 Palazzo Della Loggia (Scavi 1969-1989). I Materiali, Collezione Di Monografie Preistoriche Ed Archeologiche, XI. Bordighera, pp. 499–517.;Book section
288;Castiglioni et al 2004;2004;"Castiglioni, E., Cottini, M., Rettore, E., Rottoli, M., 2004. Il legno, i tessuti, i cuoi e gli altri materiali organici dalla necropoli longobarda e dall’abitato. In: Baricco, L.P. (Ed.), Presenze Longobarde. Collegno nell’alto medioevo. Soprintendenza per i Beni Archeologici del Piemonte, Torino, pp. 176–205.
";Book section
168;Murphy 2018;2018;"Murphy, C., 2018. Archaeobotanical remains. In: Anderson, M.A., Robinson, D. (Eds.), House of the Surgeon, Pompeii: Excavations in the Casa Del Chirurgo (VI 1, 9-10.23). Oxbow Books, Oxford ; Philadelphia, pp. 508–515.
";Book section
168;Richardson 2018;2018;"Richardson, J., 2018. Faunal Remains. In: Anderson, M.A., Robinson, D. (Eds.), House of the Surgeon, Pompeii: Excavations in the Casa Del Chirurgo (VI 1, 9-10.23). Oxbow Books, Oxford, pp. 501–507.
";Book section
134;Castiglioni 2005;2005;"Castiglioni, E., 2005. Analisi archeobotaniche a San Candido. In: Dal Ri, L., Di Stefano, S. (Eds.), Littamum: una mansio nel Noricum, BAR international series. British Archaeological Reports, Oxford, England, pp. 524–536.
";Book section
292;Marconi 2005;2005;"Marconi, S., 2005. Analisi del lotto faunistico proveniente dallo scavo di San Candido - Ospedale. In: Dal Ri, L., Di Stefano, S. (Eds.), Littamum: una mansio nel Noricum, BAR international series. British Archaeological Reports, Oxford, England, pp. 512–522.
";Book section
3;Bedini 2000a;2000;"Bedini, E. 2000a. Reperti faunistici da tre scavi archeologici urbani di Asti: Teatro Alfieri, via dei Varroni, via Sella. In: Atti del 2° Convegno Nazionale di Archeozoologia (Asti, 1997). Forlì: Abaco edizioni, 399–404.
";Conference paper
7;Marconi et al 2010;2010;Marconi, S., Maurina, B. and Riedel, A. 2010. La fauna dell’insediamento fortificato tardo antico di Loppio–S. Andrea (Trento). In: Atti del 5° Convegno Nazionale di Archeozoologia (Rovereto, 2006). Rovereto: Associazione Italiana di Archeozoologia, 203–211.;Conference paper
21;Bedini 2000;2000;Bedini, E. 2000. Reperti faunistici dalla rocca di Asolo: ambiente, economia, consumi alimentari. In: Atti del 2° Convegno Nazionale di Archeozoologia (Asti, 1997). Forlì: Abaco edizioni, 359–367.;Conference paper
22;Augenti et al 2006;2006;Augenti, A., Bondi, M., Carra, M., Cirelli, E., Malaguti, C. and Rizzi, M. 2006. Indagini archeologiche a Classe (scavi 2004): primi risultati sulle fasi di età altomedievale e dati archeobotanici. In: Francovich, R. and Valenti, M. (eds). IV Congresso Nazionale di Archeologia Medievale. Firenze: Reti medievali, 153–161.;Conference paper
27;Bedini 1995;1995;Bedini, E. 1995. I reperti faunistici del castello di Manzano. In: Barker, G. (ed). Atti del I Convegno nazionale di archeozoologia: Rovigo, Accademia dei Concordi, 5-7 marzo 1993. Roma: Fabrizio Serra Editore, 341–347. Padusa Quaderni.;Conference paper
47;Cerilli 2005;2005;"Cerilli, E. 2005 Consumi alimentari in una mansio romana: il caso del Mansio ad Vacanas (Valle di Baccano, Campagnano di Roma, Lazio). In I. Fiore, G. Malerba and S. Chilardi (eds), Atti del 3° convegno nazionale di archeozoologia (Studi di paletnologia II. Collana del Bullettino di Paletnologia Italiana): 433–41. Rome, Istituto Poligrafico e Zecca dello
Stato.";Conference paper
48;Minniti 2005;2005;Minniti, C. 2005 Analisi dei resti faunistici provenienti da tre pozzi (nn. 6, 7, 11) della Tenuta di Vallerano (Roma, I–II secolo d.C.). In I. Fiore, G. Malerba and S. Chilardi (eds), Atti del 3° convegno nazionale di archeozoologia (Studi di paletnologia II. Collana del Bullettino di Paletnologia Italiana): 419–32. Rome, Istituto Poligrafico e Zecca dello Stato.;Conference paper
53;Soranna 2019;2019;Soranna, G. 2019. Analisi di un campione faunistico proveniente dal Colle Palatino-Roma (Italia). Atti dell'8° Convegno Nazionale di Archeozoologia, (1), pp. 171-182.;Conference paper
54;De Grossi Mazzorin and De Venuto 2006;2006;"De Grossi Mazzorin, J. and De Venuto, G. 2006. Indagini archeozoologiche presso il centro medievale di S. Salvo (Cheiti). Atti 5º Convegno Nazionale di Archeozoologia, pp. 293-297.
";Conference paper
57;De Grossi Mazzorin and Minniti 2010;2010;De Grossi Mazzorin, J. and Minniti, C. 2010. Populonia: analisi dei resti faunistici di un’abitazione di età romana. Atti del 5 Convegno nazionale di Archeozoologia, pp. 243-246.;Conference paper
58;Carannante et al 2012;2012;Carannante, A., Chilardi, S., Rebbecchi, D., Vedovelli, R. 2012. Ostriche, fagiani e cacciagione, Consumi d’élite e decadenza ad Alife (CE) tra il II ed l’XI secolo. Atti del 6 Convegno Nazionale di Archeozoologia, pp. 307-314.;Conference paper
65;De Grossi Mazzorin 2000;2000;De Grossi Mazzorin, J. 2000. 'Introduzione e diffusione del pollame in Italia ed evoluzione delle sue forme di allevamento fino al Medioevo'. Proc. 3rd Nat. Congr. of Archaeozoology, Siracusa, Italy, pp.351–361.;Conference paper
65;De Grossi Mazzorin 2015;2015;De Grossi Mazzorin, J. 2015. 'I resti archeozoologici come strumento di conoscenza ell’economia alimentare nell’alto medioevo'. L’alimentazione nell’Alto Medioevo: pratiche, simboli, ideologie. Atti delle LXIII Settimane di studio della fondazione centro italiano di studi sull’alto medioevo, pp.9–14.;Conference paper
66;De Grossi Mazzorin 1995;1995;"De Grossi Mazzorin, J., 1995. La fauna rinvenuta nell’area della Meta Sudans nel quadro evolutivo degli animali domestici in Italia. In: Atti Del I Convegno Nazionale Di Archeozoologia: Rovigo, Accademia Dei Concordi, 5-7 Marzo 1993. C.P.S.S.A.E., Stanghella, pp. 309–318.
";Conference paper
105;Rinaldi et al 2015;2015;Rinaldi, G., Thun Hohenstein, U., Abuhelaleh, B., 2015. Da Felsina a Bononia: studio archeozoologico e tafonomico dei resti faunistici provenienti dallo scavo urbano di Bologna in Via d’Azeglio. In: Convegno Dell’Associazione Italiana ArcheoZoologia. Annali dell’Università di Ferrara, pp. 93–96.;Conference paper
131;Buglione et al 2012;2012;Buglione, A., Cuccovillo, M., De Venuto, G., 2012. Indagini archeozoologiche ad Egnatia (Fasano, Br): risultati preliminari. In: Tozzi, C., Saccà, D., De Grossi Mazzorin, J. (Eds.), Atti Del VI Convegno Nazionale Di Archeozoologia: San Romano in Garfagnana, Orecchiella, 21-24 Maggio 2009. pp. 331–334.;Conference paper
136;Ventura and Petrucci 2012;2012;Ventura, P., Petrucci, G., 2012. Edilizia privata presso il Lacus Timavi: la villa di via delle Mandrie a Monfalcone (GO). In: L’architettura Privata Ad Aquileia in Età Romana - Atti Del Convegno Di Studio (Padova, 21-22 Febbraio 2011). Edizioni Quasar, Roma, pp. 533–554.;Conference paper
138;Ventura et al 2012;2012;"Ventura, P., Degrassi, V., Petrucci, G., 2012. Le strutture portuali di via Cavana a Trieste. In: Auriemma, R., Karinja, S. (Eds.), Terre Di Mare. L’archeologia Dei Paesaggi Costieri e Le Variazioni Climatiche. Il Progetto Interreg Italia-Slovenia AltoAdriatico. Atti Del Convegno Internazionale (Trieste, 8-10 Novembre 2007). Dipartimento Scienze dell’Antichità - Università di Trieste; Museo del mare S. Masera - Pirano; Luglio Editore, Trieste, pp. 328–339.
";Conference paper
139;Petrucci et al 2005;2005;Petrucci, G., Donat, P., Vitri, S., 2005. La fauna di età primo-medio imperiale dal sito d’altura di Raveo-Monte Sorantri (Carnia-Udine): analisi preliminare. In: Atti Del 4° Convegno Nazionale Di Archeozoologia. Pordenone, 13-15 Novembre 2003, Quaderni Del Museo Del Friuli Occidentale 6. pp. 325–330.;Conference paper
144;Busana et al 2019;2019;"Busana, M.S., Buglione, A., Garavello, S., 2019. Allevamento e alimentazione nella Cisalpina romana: un primo bilancio tra Archeologia e Archeozoologia. In: De Grossi Mazzorin, J., Fiore, I., Minniti, C. (Eds.), Atti Dell’8° Convegno Nazionale Di Archeozoologia, Lecce (11-14 Novembre 2015). ESE - Salento University Publishing, pp. 157–164.
";Conference paper
156;Alhaique et al 2011;2011;Alhaique, F., De Bernardis, D., Fortunato, M.T., 2011. Attività produttive legate allo sfruttamento delle risorse animali tra età romana e medioevo: il caso di Ferento. In: De Minicis, E., Pavolini, C. (Eds.), Risorse Naturali e Attività Produttive: Ferento a Confronto Con Altre Realtà. Presented at the (Atti del II Convegno di studi in memoria di Gabriella Maetzke, Viterbo, 27-28 aprile 2010), Viterbo, Università di studi della Tuscia, Viterbo, pp. 195–208.;Conference paper
173;Carannante et al 2009;2009;Carannante, A., Chilardi, S., Della Vecchia, M., 2009. Resti archeozoologici dalla casa pompeiana di Marco Fabio Rufo: risultati preliminari. In: Tagliacozzo, A., Fiore, I., Marconi, S., Tecchiati, U. (Eds.), Atti Del 5º Convegno Nazionale Di Archeozoologia (Rovereto, 2006). pp. 39–42.;Conference paper
50;Buglione 2012;2012;Buglione, A., 2012. Uomo e ambiente nella Puglia tardoantica. In: Tozzi, C., Saccà, D., De Grossi Mazzorin, J. (Eds.), Atti Del VI Convegno Nazionale Di Archeozoologia: San Romano in Garfagnana, Orecchiella, 21-24 Maggio 2009. pp. 235–243.;Conference paper
197;Buonincontri 2012;2012;"Buonincontri, M., 2012. Alimentazione ed economia di un vicus longobardo: il sito di San Genesio (San Miniato, Pisa) fra VI e prima metà del VII secolo. In: Tozzi, C., Saccà, D., De Grossi Mazzorin, J. (Eds.), Atti Del VI Convegno Nazionale Di Archeozoologia: San Romano in Garfagnana, Orecchiella, 21-24 Maggio 2009. pp. 339–342.
";Conference paper
24;Baker 2007;2007;Baker, P., 2007. Environmental archaeology and zooarchaeological research at Nogara, “Basso Veronese”, Northern Italy. Presented at the 4th International Congress of Medieval and Modern Archaeology (2007), Paris.;Conference paper
196;Buglione 2007;2007;Buglione, A., 2007. Animal management and supply in Apulia from Late Antiquity to Early Middle Age. Presented at the 4th International Congress of Medieval and Modern Archaeology (2007), Paris.;Conference paper
222;Ghisleni 2009;2009;"Ghisleni, M., 2009. Il sito di Santa Marta nel contesto delle dinamiche insediative di età romana, tardo antica e medievale della media valle dell’Ombrone (Cinigiano-GR). In: Volpe, G., Favia, P. (Eds.), . Presented at the V Congresso nazionale di Archeologia Medievale, Palazzo della Dogana, Salone de Tribunale (Foggia), Palazzo dei Celestini, Auditorium (Manfredonia), 30 settembre - 3 ottobre 2009, All’Insegna del Giglio, Borgo S. Lorenzo, pp. 243–247.
";Conference paper
226;Sardagna and Tecchiati 2010;2010;"Sardagna, M., Tecchiati, U., 2010. La fauna dell’abitato del primo Medioevo di San Genesio, Loc. SS. Cosma e Damiano (Bolzano). Scavi 2005. In: Tagliacozzo, A., Fiore, I., Marconi, S., Tecchiati, Umberto (Eds.), Atti Del V Convegno Nazionale Di Archeozoologia: Rovereto, 10-12 Novembre 2006. Museo Civico di Rovereto, Rovereto, pp. 275–278.
";Conference paper
227;Spinetti et al 2010;2010;"Spinetti, A., Marrazzo, D., Amoretti, V., Granata, A., 2010. Indagini archeozoologiche sul sito di San Cassiano a Riva del Garda, Trento (I-IV sec. d.C.). In: Tagliacozzo, A., Fiore, I., Marconi, S., Tecchiati, U. (Eds.), Atti Del V Convegno Nazionale Di Archeozoologia: Rovereto, 10-12 Novembre 2006. Museo Civico di Rovereto, Rovereto, pp. 283–287.
";Conference paper
229;Minniti 2010;2010;"Minniti, C., 2010. L’importanza del cervo nel consumo alimentare a Cencelle (Civitavecchia, Roma) nel XIII-XIV sec. In: Tagliacozzo, A., Fiore, I., Marconi, S., Tecchiati, U. (Eds.), Atti Del V Convegno Nazionale Di Archeozoologia: Rovereto, 10-12 Novembre 2006. Museo Civico di Rovereto, Rovereto, pp. 361–366.
";Conference paper
228;Bon et al 2010;2010;"Bon, M., Dall’Aglio, A., Zampieri, S., 2010. I resti faunistici di palazzo Ca’ Zusto a Venezia (VIII-XVII sec. d.C.). In: Tagliacozzo, A., Fiore, I., Marconi, S., Tecchiati, U. (Eds.), Atti Del V Convegno Nazionale Di Archeozoologia: Rovereto, 10-12 Novembre 2006. Museo Civico di Rovereto, Rovereto, pp. 299–302.
";Conference paper
247;Flesca and Delussu 2005;2005;"Flesca, C., Delussu, F., 2005. I resti faunistici della villa romana di S. Pietro in Tolve (Potenza), metà III sec. d.C. In: Fiore, I., Malerba, G., Chilardi, S. (Eds.), Atti Del 3° Convegno Nazionale Di Archeozoologia. Siracusa 3-5 Novembre 2000. Istituto Poligrafico e Zecca dello Stato, Roma, pp. 443–448.
";Conference paper
286;Breda et al 2011;2011;Breda, A., Venturini, I., Castiglioni, E., Cottini, N., 2011. Cereali, legumi, formaggio e attrezzi agricoli. Uno spaccato di vita nel villaggio longobardo di Chiari. In: Archetti, G., Baronio, A. (Eds.), La Civiltà Del Latte. Fonti, Simboli e Prodotti Dal Tardoantico al Novecento. Presented at the Atti dell’Incontro Nazionale di Studio, Brescia, 29–31 maggio 2008, Fondazione Civiltà Bresciana, Brescia, pp. 611–630.;Conference paper
194;MacKinnon 2009;2009;MacKinnon, M., 2009. Acquachiara – TRENCH 10000 – 2009 field season (Zooarchaeological report). Department of Anthropology. University of Winnipeg. Unpublished.;Email
1;Wilkens 1990;1990;Wilkens, B. 1990. I resti faunistici di Calvatone (CR). Archeologia Medievale, 17, 307–322.;Journal article
8;Nisbet 1987;1987;Nisbet, R. 1987. Ricerche archeobotaniche. In: Blake, H. M. and Maccabruni, C. (eds). Dallo scavo a Villa Maria di Lomello (Pavia), 1984: la buca tardo-antica 203. Firenze: All’Insegna del Giglio, 157–187. Archeologia Medievale: cultura, insediamenti e territorio 12;Journal article
8;King 1987;1987;King, A.C. 1987. Ossa animali. Blake, H. M. and Maccabruni, C. 1987. Dallo scavo a Villa Maria di Lomello (Pavia), 1984: la buca tardo-antica 203. Firenze: All’Insegna del Giglio, 157–187. Archeologia Medievale: cultura, insediamenti e territorio 12;Journal article
15;Farello 1990;1990;Farello, P. 1990. La fauna dal fossato. In: Curina, R., Farello, P., Gelichi, S., Novara, P. and Stoppioni, M. L. (eds). Contesti tardo-antichi e altomedievali dal sito di Villa Clelia (Imola, Bologna). Firenze: All’insegna del Giglio, 208–215. Archeologia Medievale: cultura, insediamenti e territorio 17.;Journal article
16;Arobba 2000;2000;Arobba, D. 2000. Macroresti botanici rinvenuti nei livelli tardo-antichi e medievali del Battistero della Cattedrale di Ventimiglia. Rivista di Studi Liguri, 66, 197–212.;Journal article
17;Gelichi and Moine 2012;2012;Gelichi, S. and Moine, C. (eds) 2012. Isole fortunate? La storia della laguna nord di Venezia attraverso lo scavo di San Lorenzo di Ammiana. Archeologia Medievale, 39, 9–56.;Journal article
18;Arobba and Murialdo 2001;2001;Arobba, D. and Murialdo, G. 2001. Le analisi palinologiche e paleocarpologiche. In: Mannoni, T., Murialdo, G. and Arobba, D. (eds). S. Antonino, un insediamento fortificato nella Liguria bizantina. Bordighera (Imperia): Istituto internazionale di studi liguri, 627–638. Collezione di monografie preistoriche ed archeologiche 12.;Journal article
18;Giovinazzo 2001;2001;Giovinazzo, R. 2001. Le risorse alimentari: dati archeozoologici. In: Mannoni, T., Murialdo, G. and Arobba, D. (eds). S. Antonino, un insediamento fortificato nella Liguria bizantina. Bordighera (Imperia): Istituto internazionale di studi liguri, 639–656. Collezione di monografie preistoriche ed archeologiche 12.;Journal article
21;Bedini 1990;1990;Bedini, E. 1990. I reperti faunistici della Rocca di Asolo (campagna di scavo 1987): nota preliminare. Archeologia Medievale, 17, 331–346.;Journal article
25;Arobba 2003;2003;Arobba, D., Caramiello, R. and Palazzi, P. 2003. Ricerche archeobotaniche nell’abitato medievale di Finalborgo (Savona): primi risultati. Archeologia Medievale, 30, 247– 258.;Journal article
26;Castelletti 1975;1975;Castelletti, L. 1975. Materiali botanici dalla fornace per campane, sec. XII, e resti di un sarcofago ligneo, sec. XIV, da Sarzana, Archeologia Medievale: cultura materiale, insediamenti, territorio, 2, 149–160.;Journal article
33;Rottoli 1998;1998;Rottoli, M. 1998. I resti botanici. In: Ghiroldi A (ed) Sirmione (BS) Via Antiche Mura 11. Villa romana. Soprintendenza Archeologica della Lombardia-Notiziario 1995-97, pp. 120-121;Journal article
34;Bosi et al 2019;2019;Bosi, G., Bandini Mazzanti, M., Labate, D., Mercuri, M., Montecchi, M. C., Rinaldi, R., Riso, F. M. and Torri, P. 2019. A survey of the Late Roman period (3rd-6th century AD): Pollen, NPPs and seeds/fruits for reconstructing environmental and cultural changes after the floods in Northern Italy. Quaternary International, 499, 3–23.;Journal article
35;Arobba et al 2013;2013;Arobba, D., Bulgarelli, F., Siniscalco, C., Caramiello, R. 2013. Roman landscape and agriculture on the Ligurian coast through macro and microremains from a Vada Sabatia well (Vado Ligure, Italy), Environmental Archaeology, 18:2, 114-131, DOI: 10.1179/1461410313Z.00000000027;Journal article
36;Arobba and Murialdo 1996;1996;Arobba, D., Murialdo, G. 1996. Analisi di macroresti botanici del I sec. d.C. rinvenuti presso la Pieve del Finale (Finale Ligure, Italia). Allionia, 34, pp. 55-61.;Journal article
39;Pini et al 2017;2017;Pini, R., Castellano, L., Perego, R., Ravazzi, C., Chiesa, S., De Amicis, M., Keller, R.P., 2016. Nuovi dati sulla storia ambientale del centro abitato di Bergamo Alta tra la fase arcaica dell’età del Bronzo e il Medioevo. Stratigrafia, paleoecologia e archeobotanica dei depositi del Palazzo del Podestà (Piazza Vecchia). Ateneo Sci. Lett. Arti Bergamo 79, 349–371.;Journal article
40;Arobba et al 2005;2005;Arobba, D., Caramiello, R., Martino, G.P. 2005. Il contributo delle analisi archeobotaniche per la storia del paesaggio agrario della città romana di Albintimilium (Ventimiglia). Rivista di Studi Liguri, Bordighera, LXX, pp. 283-306.;Journal article
42;Tagliacozzo 1995;1995;Tagliacozzo, A. 1995. I resti ossei faunistici. In M.-H. Santrot and J. Santrot (eds), Fouilles de l’École Française de Rome à Bolsena (Poggio Moscini), VII: La citerne 5 et son mobilier (Mélanges d’Archéologie et d’Histoire Suppléments 6), pp. 323–47. Rome, l’École Française de Rome.;Journal article
43;MacKinnon 2009;2009;MacKinnon, M. 2009. Changing Patterns in Animal Use Over Time and Space at Chianciano Terme, Tuscany: Results from Zooarchaeological Investigations. Etruscan Studies, Vol. 12 (Issue 1), pp. 185-214. https://doi.org/10.1515/etst.2009.12.1.185;Journal article
51;De Venuto 2009;2009;De Venuto, G., 2009. I resti faunistici di X-XII secolo dal castello di Monteodorisio (CH): primi dati sull’economia, l’alimentazione e le produzioni artigianali. Quaderni di archeologia d’Abruzzo: notiziario della Soprintendenza per i beni archeologici dell’Abruzzo 1, 135–147.;Journal article
52;Boscato and Mascione 2010;2010;Boscato, P., Mascione, C., 2010. I resti faunistici dall’insediamento romano di Pantani-Le Gore (Torrita di Siena-SI). Rassegna di Archeologia 23(B), 95–110.;Journal article
56;Bellucci et al 2016;2016;Bellucci, L., Candelato, F., Salari, L. 2016. I resti faunistici riferiti al I sec. dC del settore a Est del Tempio C di Grumentum (Grumento Nova, Potenza). Sezione di Museologia Scientifica e Naturalistica, 12(1), pp. 211-218.;Journal article
60;Vaccaro et al 2013;2013;Vaccaro, E., Ghisleni, M., Arnoldus-Huyzendveld, A. Grey, G., Bowes, K., MacKinnon, M., Mercuri, A.M., Pecci, A., Ángel Cau Ontiveros, M., Rattigheri E. and Rinaldi, R. 2013. Excavating the Roman peasant II: excavations at Case Nuove, Cinigiano (GR). Papers of the British School at Rome, 81, pp. 129-179;Journal article
61;Mariotti Lippi et al 2020;2020;Mariotti Lippi, M., Mori Secci, M., Giachi, G. et al. 2020. Plant remains in an Etruscan-Roman well at Cetamura del Chianti, Italy. Archaeol Anthropol Sci 12, 35. https://doi.org/10.1007/s12520-019-00992-4;Journal article
62;Salvadori 2020;2020;Salvadori, F. 2020. 'Monte San Martino (Lomaso-TN): resti animali dall’insediamento fortificato'. In Archeologia delle Alpi 2020. Provincia Autonoma di Trento, pp.93–105.;Journal article
63;Arthur et al 1989;1989;Arthur, P., Albarella, U., Wayman, M. 1989. M. 179: an early medieval lowland site at loc. Arevito, near Mondragone (CE). Archeologia Medievale, 16, pp. 583-612.;Journal article
64;Albarella 1990;1990;"Albarella, U. 1990. 'La fauna di S. Giacomo degli Schiavoni'. Conoscenze, pp.115–118.
";Journal article
70;MacKinnon 2014;2014;MacKinnon, M. 2014. 'Animals in the urban fabric of Ostia: initiating a comparative zooarchaeological synthesis'. Journal of Roman Archaeology, 27, pp.175–201.;Journal article
82;Maselli Scotti and Rottoli 2007;2007;Maselli Scotti, F., Rottoli, M., 2007. Indagini archeobotaniche all’ex Essiccatoio Nord di Aquileia: i resti vegetali protostorici e romani. Antichità Altoadriatiche LXV, 783–816.;Journal article
83;Sadori and Susanna 2005;2005;Sadori, L., Susanna, F., 2005. Hints of economic change during the late Roman Empire period in central Italy: a study of charred plant remains from “La Fontanaccia”, near Rome. Vegetation History and Archaeobotany 14, 386–393.;Journal article
84;Rottoli and Castiglioni 2011;2011;Rottoli, M., Castiglioni, E., 2011. Plant offerings from Roman cremations in northern Italy: a review. Vegetation History and Archaeobotany 20, pp. 495–506.;Journal article
95;Whitehouse et al 1982;1982;Whitehouse, D., Barker, G., Reece, R., Reese, D., 1982. The Schola Praeconum I: the coins, pottery, lamps and fauna. Papers of the British School at Rome 53–101.;Journal article
95;Whitehouse et al 1985;1985;Whitehouse, D., Costantini, L., Guidobaldi, F., Passi, S., Pensabene, P., Pratt, S., Reece, R., Reese, D., 1985. The Schola Praeconum II. Papers of the British School at Rome 53, 163–210.;Journal article
96;Van de Noort et al 2009;2009;Van de Noort, R., Whitehouse, D., Becker, M.J., Blagg, T., Burnett, D., Caruso, I., Claridge, A., Clark, G., Costantini, Loredana, Costantini, Lorenzo, 2009. Excavations at Le Mura di Santo Stefano, Anguillara Sabazia. Papers of the British School at Rome 159–223.;Journal article
96;Costantini et al 1983;1983;Costantini, Lorenzo, Costantini, Loredana, Napolitano, G., Whitehouse, D., 1983. Cereali e legumi medievali provenienti dalle mura di Santo Stefano, Anguillara Sabazia (Roma). Archeologia Medievale 10, 393.;Journal article
97;Tozzi 1981;1981;Tozzi, C., 1981. L’alimentazione nella Maremma medievale: due esempi di scavo. Archeologia Medievale 8, 299–303.;Journal article
98;Van der Veen 1985;1985;"Van der Veen, M., 1985. An early medieval hilltop settlement in Molise: the plant remains from D85. Papers of the British School at Rome 211–224.
";Journal article
98;Hodges et al 1980;1980;Hodges, R., Barker, G., Wade, K., 1980. Excavations at D85 (Santa Maria in Civita): an early medieval hilltop settlement in Molise. Papers of the British School at Rome 48, 70–124.;Journal article
99;Minniti 2009;2009;"Minniti, C., 2009. Economia e alimentazione nel Lazio medievale: nuovi dati dalle evidenze archeozoologiche. Archeologia Medievale 36, 273–83.
";Journal article
103;De Grossi Mazzorin 1987;1987;"De Grossi Mazzorin, J., 1987. La fauna. La villa dei Quintili a Monteporzio. Archeologia Laziale 7, 234–5.
";Journal article
104;Hodges 1984;1984;Hodges, R., 1984. Excavations at Vacchereccia (Rocchetta Nuova): A Later Roman and Early Medieval Settlement in the Volturno Valley, Molise. Papers of the British School at Rome 52, 148–194.;Journal article
61;Fonzo and de Grummond 2016;2016;"Fonzo, O., de Grummond, N.T., 2016. Resti di Mammiferi domestici in contesto Romano-Imperiale: il caso di Cetamura del Chianti (I sec. dC). Sezione di Museologia Scientifica e Naturalistica 12, pp. 219–224.
";Journal article
61;Corbino and de Grummond 2016;2016;"Corbino, C.A., de Grummond, N.T., 2016. I volatili allevati a Cetamura del Chianti (I sec. dC). Sezione di Museologia Scientifica e Naturalistica 12, 225–232.
";Journal article
106;Fiore et al 2015;2015;Fiore, I., Tagliacozzo, A., Germoni, P., Ghelli, A., Boetto, G., 2015. I resti animali di età romana rinvenuti in livelli del II-III sec. dC a Isola Sacra (Fiumicino). Sezione di Museologia Scientifica e Naturalistica 11, 105–108.;Journal article
289;Robinson 2002;2002;Robinson, M., 2002. Domestic burnt offerings and sacrifices at Roman and pre-Roman Pompeii, Italy. Vegetation History and Archaeobotany 11, 93–100.;Journal article
108;Castiglioni and Rottoli 2019;2019;"Castiglioni, E., Rottoli, M., 2019. Brescian archaeobotanical studies, Romanization to Early Medieval periods. European Journal of PostClassical Archaeologies 8, 91–116.
";Journal article
116;Buonincontri et al 2017;2017;Buonincontri, M.P., Pecci, A., Di Pasquale, G., Ricci, P., Lubritto, C., 2017. Multiproxy approach to the study of Medieval food habits in Tuscany (central Italy). Archaeological and Anthropological Sciences 9, 653–671.;Journal article
117;Bosi et al 2015;2015;Bosi, G., Mercuri, A.M., Mazzanti, M.B., Florenzano, A., Montecchi, M.C., Torri, P., Labate, D., Rinaldi, R., 2015. The evolution of Roman urban environments through the archaeobotanical remains in Modena–Northern Italy. Journal of Archaeological Science 53, 19–31.;Journal article
122;Rottoli 2013;2013;Rottoli, M., 2013. La storia della vegetazione e dell’agricoltura nell’area del Sommolago: i dati palinologici e archeobotanici. In: APSAT 3. Paesaggi Storici Del Sommolago. SAP, Mantova, pp. 53–66.;Journal article
126;De Simone and De Luca 2012;2012;"De Simone, G.F., De Luca, A., 2012. Dati archeozoologici da Pollena Trocchia ed alcune considerazioni sull’alimentazione nella Campania tardoantica. Rivista di Studi Pompeiani 23, 159–162.
";Journal article
129;Tecchiati 2012;2012;"Tecchiati, U., 2012. Resti faunistici di età medievale provenienti dalla rovina di Toblburg (Kofel) presso Campo Tures/Sand in Taufers in Valle Aurina/Ahrntal (BZ). Atti dell’Accademia Roveretana degli Agiati 262, 119–140.
";Journal article
132;Salvagno and Tecchiati 2017;2017;"Salvagno, L., Tecchiati, U., 2017. I resti faunistici dell’abitato del Neolitico Tardo, dell’Età del Bronzo e di Età medievale, moderna e contemporanea di Castelrotto-Grondlboden (BZ). Preistoria Alpina 49, 37–50.
";Journal article
135;Boschin 2018;2018;Boschin, F., 2018. Animal remains from the multi-layered site of Elvas-Kreuzwiese p. f. 574 (South Tyrol, Italy). Annalen des Naturhistorischen Museums in Wien. Serie A für Mineralogie und Petrographie, Geologie und Paläontologie, Anthropologie und Prähistorie 120, 195–210.;Journal article
82;Petrucci 2007b;2007;Petrucci, G., 2007. Sfruttamento della fauna nel territorio di Aquileia: trasformazione, consumo e distribuzione dei prodotti. I dati dell’archeolozoologia. Antichità Altoadriatiche LXV Vol. II, Aquileia dalle origini alla costituzione del Ducato Longobardo. Territorio-Economia – Società, 755–782.;Journal article
141;Motta 1997;1997;Motta, L., 1997. I paesaggi di Volterra nel tardo antico. Archeologia medievale: cultura materiale, insediamenti, territorio 34, 245–267.;Journal article
143;Petrucci 2008;2008;Petrucci, G., 2008. Archeozoologia in Friuli Venezia Giulia: dati, considerazioni ed ipotesi sullo sfruttamento delle risorse di origine animale da recenti scavi condotti in Regione. Archeozoologia in Friuli Venezia Giulia: dati, considerazioni ed ipotesi sullo sfruttamento delle risorse di origine animale da recenti scavi condotti in Regione, pp. 262–269.;Journal article
145;Riedel and Scarpa 1988;1988;Riedel, A., Scarpa, G., 1988. Resti animali di un complesso produttivo di età tardoromana a Volano. Annali del Museo Civico di Rovereto 4, 37–54.;Journal article
521;Riedel 1979;1979;Riedel, A., 1979. Die Fauna einer frühmittelalterlichen Siedlung in Stufel bei Brixen. Der Schlern 53, 3–23.;Journal article
157;Cerilli and Ceccaroni 2016;2016;Cerilli, E., Ceccaroni, E., 2016. Resti faunistici dalla cisterna rinvenuta presso il Santuario di Ercole ad Alba Fucens (Massa d’Albe, Aquila). Sezione di Museologia Scientifica e Naturalistica 12, 183–190.;Journal article
158;Beck Bossard et al 1981;1981;Beck Bossard, C., Finetti, A., Flambard, A.M., Gareri, E., Noyé, G., 1981. Nuovi scavi nel castello di Scribla in Calabria. Archeologia Medievale 8, 527–548.;Journal article
159;Murphy et al 2013;2013;Murphy, C., Thompson, G., Fuller, D.Q., 2013. Roman food refuse: urban archaeobotany in Pompeii, Regio VI, Insula 1. Vegetation History and Archaeobotany 22, 409–419.;Journal article
172;Whitehouse 1970;1970;"Whitehouse, D., 1970. Excavations at Satriano: A Deserted Medieval Settlement in Basilicata. Papers of the British School at Rome 38, 188–219.
";Journal article
178;Biasotti and Isetti 1981;1981;"Biasotti, M., Isetti, P., 1981. L’alimentazione dall’osteologia animale in Liguria. Archeologia Medievale 8, 239–246.
";Journal article
179;Arthur et al 1996;1996;"Arthur, P., Albarella, U., Bruno, B., King, S., 1996. “Masseria Quattro Macine” — A Deserted Medieval Village and Its Territory in Southern Apulia: An Interim Report on Field Survey, Excavation and Document Analysis. Papers of the British School at Rome 64, 181–237.
";Journal article
182;Minniti and Delfino 2008;2008;"Minniti, C., Delfino, A., 2008. Un “butto” della prima metà dell’xi secolo presso piazza del Colosseo. Bullettino della Commissione Archeologica Comunale di Roma 109, 161–174.
";Journal article
196;Caracuta et al 2012;2012;"Caracuta, V., Fiorentino, G., Turchiano, M., Volpe, G., 2012. Processi di formazione di due discariche altomedievali del sito di Faragola: il contributo dell’analisi archeobotanica. Post-Classical Archaeologies 2, 225–246.
";Journal article
211;Endrizzi et al 2014;2014;"Endrizzi, L., Degasperi, N., Castiglioni, E., Rottoli, M., 2014. La sepoltura romana rinvenuta in località Lanz (Cloz, Val di Non). Archeologia delle Alpi 67–75.
";Journal article
212;Bandini Mazzanti et al 1999;1999;Bandini Mazzanti, M., Marchesini, M., Marvelli, S., Bosi, G., Mercuri, A.M., Accorsi, C.A., 1999. Semi e frutti del pozzo di Cognento (Modena), dal periodo tardo romano all’età moderna. Archeologia dell’Emilia Romagna 3, 207–228.;Journal article
212;Marchesini et al 1999;1999;"Marchesini, M., Marvelli, S., Bandini Mazzanti, M., Accorsi, C.A., 1999. Spettri pollinici del pozzo deposito di Cognento (Modena), dal periodo tardo romano all’età moderna. Archeologia dell’Emilia Romagna 3, 181–205.
";Journal article
215;Buonincontri et al 2014;2014;"Buonincontri, M., Moser, D., Allevato, E., Basile, B., Di Pasquale, G., 2014. Farming in a rural settlement in central Italy: cultural and environmental implications of crop production through the transition from Lombard to Frankish influence (8th–11th centuries a.d.). Veget Hist Archaeobot 23, 775–788.
";Journal article
219;Bandini Mazzanti et al 2010;2010;"Bandini Mazzanti, M., Rinaldi, R., Bosi, G., 2010. Prime analisi carpologiche nel sito di Montegibbio. L’insediamento di Montegibbio: una ricerca interdisciplinare per l’archeologia. Atti del Convegno (Sassuolo, 7 febbraio 2009), Quaderni di Archeologia dell’Emilia Romagna 26, 77–81.
";Journal article
142;Motta et al 1993;1993;Motta, L., Camin, L., Terrenato, N., 1993. Un sito rurale nel territorio di Volterra. Bollettino di Archeologia 23–24, 109–111.;Journal article
224;Cameron et al 1984;1984;"Cameron, F., Clark, G., Jackson, R.P.J., Johns, C.M., Philpot, S., Potter, T.W., Shepherd, J.D., Stone, M.J., Whitehouse, D.B., 1984. Il castello di Ponte Nepesino e il confine settentrionale del Ducato di Roma. Archeologia medievale 11, 63–147.
";Journal article
235;Tecchiati et al 2021;2021;Tecchiati, U., Poggi, M., Amato, A., 2021. I resti faunistici dell’abitato retico di Gargagnago-Comune di Sant’Am-brogio di Valpolicella, VR (VI sec. aC). Preistoria Alpina 51, 121–130.;Journal article
245;Small et al 1994;1994;Small, A.M., Roe, B., Hayes, J.W., Simpson, C.J., Guzzetta, G., MacKinnon, M., Monckton, S.G., 1994. A pit group of c. 80-70 BC from Gravina di Puglia. Papers of the British School at Rome 62, 197–260.;Journal article
246;Gualtieri et al 1994;1994;"Gualtieri, M., Cucarzi, M., Bökönyi, S., 1994. La villa romana di Masseria Ciccotti (Oppido Lucano, PZ): primi data sul paesaggio rurale dell’Alto Bradano in eta imperiale. Bollettino storico della Basilicata 10, 49–90.
";Journal article
248;Motella de Carlo 1995;1995;"Motella de Carlo, S., 1995. IV. Indagini antracologiche e paleocarpologiche. Il Castelvecchio di Peveragno (CN). Rapporto preliminare di scavo (1993-1994)., Quaderni della Soprintendenza Archeologica del Piemonte 13, 208–217.
";Journal article
101;Grasso 2011;2011;Grasso, A.M., 2011. Analisi archeobotaniche a Supersano (Le): una comunità autosufficiente? Post-Classical Archaeologies 1, 297–308.;Journal article
196;Caracuta et al 2014;2014;"Caracuta, V., Fiorentino, G., Turchiano, M., Volpe, G., 2014. Dating Historical Contexts: Issues, Plant Material, and Methods to Date the Late Roman Site of Faragola, Apulia (SE Italy). Radiocarbon 56, 679–690.
";Journal article
154;Bosi et al 2017;2017;"Bosi, G., Mazzanti, M.B., Montecchi, M.C., Torri, P., Rinaldi, R., 2017. The life of a Roman colony in Northern Italy: Ethnobotanical information from archaeobotanical analysis. Quaternary International, Environmental Archaeology of European Cities 460, 135–156.
";Journal article
254;Clark 1997;1997;Clark, G., 1997. Monastic economies? aspects of production and consumption in Early Medieval Central ltaly. Archeologia medievale: cultura materiale, insediamenti, territorio XXIV, 31–54.;Journal article
263;Pannella et al 2019;2019;"Panella, C., Soranna, G., Iacomelli, G., Ferrandes, A.F., 2019. Curiae Veteres: nuovi dati sulla frequentazione del santuario in età tardo-repubblicana. Scienze dell’antichità 25, 41–72.
";Journal article
267;Brancazi 2017;2017;"Brancazi, L., 2017. Lo sfruttamento della fauna marina a Roma: il contributo dei resti faunistici dallo scavo del pozzo 3.2 della Metro C. Forma Urbis 10, 37–42.
";Journal article
183;Delfino and Minniti 2005;2005;"Delfino, A., Minniti, C., 2005. Oggetti in osso, avorio e pasta vitrea dal Cuneo XXXIII dell’Anfiteatro Flavio. I resti ossei animali dal Cuneo XXXIII dell’Anfiteatro. Bullettino della Commissione Archeologica Comunale di Roma CVI, 287–293.
";Journal article
281;Riedel 1993;1993;"Riedel, A., 1993. Tierknochenfunde aus den Ausgrabungen im Bereich des Schlosses von Udine (Friaul). Aquileia nostra 64, 70–106.
";Journal article
284;Riedel 1994;1994;Riedel, A., 1994. Archaeozoological investigactions in North-eastern Italy: the exploitation of animals since the Neolithic. Preistoria Alpina 43–94.;Journal article
146;Riedel 1985;1985;"Riedel, A., 1985. Die fauna von Altino (Venetien) im Verhaltnis zu den Faunen Nordostitaliens und der Alpenlander, Razprave TV. Razreda Sazu 26, 131–146.
";Journal article
293;Arthur and King 1987;1987;"Arthur, P., King, A.C., 1987. Scavo in proprietà Carrillo, S.M.C.V.: contributo per una conoscenza di Capua tardo antica. Archeologia medievale: cultura materiale, insediamenti, territorio XIV, 517–535.
";Journal article
294;King 1999;1999;"King, A., 1999. Diet in the Roman world: a regional inter-site comparison of the mammal bones. Journal of Roman Archaeology 12, 168–202.
";Journal article
197;Buonincontri n.d.;;"Buonincontri, S., n.d. San Genesio: archeozoologia [WWW Document]. Ad Ecclesiam San Genesii: Storia e archeologia di una grande pieve altomedievale della Toscana. URL http://archeologiamedievale.unisi.it/luoghi/genesio/archeozoologia.htm (accessed 7.13.22).
";Webpage
249;Veal and Williams 2016;2016;"Veal, R., Williams, K., 2016. Environmental Data and Interpretations | Villa Magna [WWW Document]. URL http://archaeologydata.brown.edu/villamagna/the-plant-and-animal-remains/ (accessed 1.13.23).
";Webpage
249;Holt 2016c;2016;"Holt, E., 2016. Faunal analysis | Villa Magna [WWW Document]. URL http://archaeologydata.brown.edu/villamagna/the-plant-and-animal-remains/ (accessed 1.13.23).
";Webpage
44;King n.d.;;King, A. n.d. The animal bones from Le Colonne. Unpublished report.;Report
46;Bökönyi n.d.;;Bökönyi, S. n.d. Animal bones from Ossaia. Unpublished report.;Report
127;Maritan 2012;2012;Maritan, M., 2012. Il contributo dell’analisi di macroresti vegetali nella ricostruzione paleoambientale e delle attività umane presso un sito archeologico in area termale euganea (Tesi di Dottorato). Università di Padova.;PhD Thesis
194;Shelton 2009;2009;"Shelton, C.P., 2009. Food, Economy, and Identity in the Sangro River Valley, Abruzzo, Italy, 650 BC–AD 150 (PhD Thesis). University of California at Santa Barbara, Unpublished.
";PhD Thesis
174;Dallago 2016;2016;"Dallago, S., 2016. Resti dell’abitato altomedievale di Villandro Plunacker (Bolzano): i reperti faunistici (PhD Thesis). Dissertation, University of Bologna, Italy.
";MA Thesis
175;Reynaert 2018;2018;"Reynaert, J., 2018. A city in transition. Urban changes in Late Antiquity and the contribution of archeozoology (MA Thesis). Ghent University, Unpublished.
";MA Thesis
